Using cuda device
Logging to /home/abhinav/Dock/backend/runs/ppo_c1/MaskablePPO_1
-----------------------------
| time/              |      |
|    fps             | 521  |
|    iterations      | 1    |
|    time_elapsed    | 7    |
|    total_timesteps | 4096 |
-----------------------------
-----------------------------------------
| time/                   |             |
|    fps                  | 487         |
|    iterations           | 2           |
|    time_elapsed         | 16          |
|    total_timesteps      | 8192        |
| train/                  |             |
|    approx_kl            | 0.011668754 |
|    clip_fraction        | 0.13        |
|    clip_range           | 0.2         |
|    entropy_loss         | -0.751      |
|    explained_variance   | -0.00141    |
|    learning_rate        | 0.0003      |
|    loss                 | 27.4        |
|    n_updates            | 10          |
|    policy_gradient_loss | -0.0115     |
|    value_loss           | 55          |
-----------------------------------------
------------------------------------------
| time/                   |              |
|    fps                  | 471          |
|    iterations           | 3            |
|    time_elapsed         | 26           |
|    total_timesteps      | 12288        |
| train/                  |              |
|    approx_kl            | 0.0034024795 |
|    clip_fraction        | 0.0113       |
|    clip_range           | 0.2          |
|    entropy_loss         | -0.581       |
|    explained_variance   | 0.422        |
|    learning_rate        | 0.0003       |
|    loss                 | 23.8         |
|    n_updates            | 20           |
|    policy_gradient_loss | -0.00227     |
|    value_loss           | 49.1         |
------------------------------------------
------------------------------------------
| time/                   |              |
|    fps                  | 455          |
|    iterations           | 4            |
|    time_elapsed         | 35           |
|    total_timesteps      | 16384        |
| train/                  |              |
|    approx_kl            | 0.0044903485 |
|    clip_fraction        | 0.048        |
|    clip_range           | 0.2          |
|    entropy_loss         | -0.616       |
|    explained_variance   | 0.563        |
|    learning_rate        | 0.0003       |
|    loss                 | 24.4         |
|    n_updates            | 30           |
|    policy_gradient_loss | -0.00554     |
|    value_loss           | 69.5         |
------------------------------------------
-----------------------------------------
| time/                   |             |
|    fps                  | 457         |
|    iterations           | 5           |
|    time_elapsed         | 44          |
|    total_timesteps      | 20480       |
| train/                  |             |
|    approx_kl            | 0.004648332 |
|    clip_fraction        | 0.0408      |
|    clip_range           | 0.2         |
|    entropy_loss         | -0.596      |
|    explained_variance   | 0.728       |
|    learning_rate        | 0.0003      |
|    loss                 | 22.2        |
|    n_updates            | 40          |
|    policy_gradient_loss | -0.00622    |
|    value_loss           | 46          |
-----------------------------------------
-----------------------------------------
| time/                   |             |
|    fps                  | 452         |
|    iterations           | 6           |
|    time_elapsed         | 54          |
|    total_timesteps      | 24576       |
| train/                  |             |
|    approx_kl            | 0.005102667 |
|    clip_fraction        | 0.0292      |
|    clip_range           | 0.2         |
|    entropy_loss         | -0.565      |
|    explained_variance   | 0.726       |
|    learning_rate        | 0.0003      |
|    loss                 | 38.8        |
|    n_updates            | 50          |
|    policy_gradient_loss | -0.00434    |
|    value_loss           | 73.5        |
-----------------------------------------
------------------------------------------
| time/                   |              |
|    fps                  | 452          |
|    iterations           | 7            |
|    time_elapsed         | 63           |
|    total_timesteps      | 28672        |
| train/                  |              |
|    approx_kl            | 0.0034129303 |
|    clip_fraction        | 0.035        |
|    clip_range           | 0.2          |
|    entropy_loss         | -0.523       |
|    explained_variance   | 0.777        |
|    learning_rate        | 0.0003       |
|    loss                 | 21.8         |
|    n_updates            | 60           |
|    policy_gradient_loss | -0.0053      |
|    value_loss           | 56.5         |
------------------------------------------
------------------------------------------
| time/                   |              |
|    fps                  | 443          |
|    iterations           | 8            |
|    time_elapsed         | 73           |
|    total_timesteps      | 32768        |
| train/                  |              |
|    approx_kl            | 0.0035072677 |
|    clip_fraction        | 0.0231       |
|    clip_range           | 0.2          |
|    entropy_loss         | -0.495       |
|    explained_variance   | 0.765        |
|    learning_rate        | 0.0003       |
|    loss                 | 31           |
|    n_updates            | 70           |
|    policy_gradient_loss | -0.00411     |
|    value_loss           | 71.1         |
------------------------------------------
-----------------------------------------
| time/                   |             |
|    fps                  | 437         |
|    iterations           | 9           |
|    time_elapsed         | 84          |
|    total_timesteps      | 36864       |
| train/                  |             |
|    approx_kl            | 0.003467586 |
|    clip_fraction        | 0.0486      |
|    clip_range           | 0.2         |
|    entropy_loss         | -0.435      |
|    explained_variance   | 0.812       |
|    learning_rate        | 0.0003      |
|    loss                 | 24.3        |
|    n_updates            | 80          |
|    policy_gradient_loss | -0.00628    |
|    value_loss           | 71.1        |
-----------------------------------------
-----------------------------------------
| time/                   |             |
|    fps                  | 435         |
|    iterations           | 10          |
|    time_elapsed         | 94          |
|    total_timesteps      | 40960       |
| train/                  |             |
|    approx_kl            | 0.002775042 |
|    clip_fraction        | 0.0231      |
|    clip_range           | 0.2         |
|    entropy_loss         | -0.535      |
|    explained_variance   | 0.843       |
|    learning_rate        | 0.0003      |
|    loss                 | 25.5        |
|    n_updates            | 90          |
|    policy_gradient_loss | -0.00368    |
|    value_loss           | 52.8        |
-----------------------------------------
------------------------------------------
| time/                   |              |
|    fps                  | 430          |
|    iterations           | 11           |
|    time_elapsed         | 104          |
|    total_timesteps      | 45056        |
| train/                  |              |
|    approx_kl            | 0.0022742264 |
|    clip_fraction        | 0.0214       |
|    clip_range           | 0.2          |
|    entropy_loss         | -0.448       |
|    explained_variance   | 0.861        |
|    learning_rate        | 0.0003       |
|    loss                 | 26.9         |
|    n_updates            | 100          |
|    policy_gradient_loss | -0.00265     |
|    value_loss           | 61.5         |
------------------------------------------
------------------------------------------
| time/                   |              |
|    fps                  | 428          |
|    iterations           | 12           |
|    time_elapsed         | 114          |
|    total_timesteps      | 49152        |
| train/                  |              |
|    approx_kl            | 0.0030683228 |
|    clip_fraction        | 0.0366       |
|    clip_range           | 0.2          |
|    entropy_loss         | -0.42        |
|    explained_variance   | 0.876        |
|    learning_rate        | 0.0003       |
|    loss                 | 26.2         |
|    n_updates            | 110          |
|    policy_gradient_loss | -0.00375     |
|    value_loss           | 55.3         |
------------------------------------------
-----------------------------------------
| time/                   |             |
|    fps                  | 428         |
|    iterations           | 13          |
|    time_elapsed         | 124         |
|    total_timesteps      | 53248       |
| train/                  |             |
|    approx_kl            | 0.002654701 |
|    clip_fraction        | 0.0216      |
|    clip_range           | 0.2         |
|    entropy_loss         | -0.398      |
|    explained_variance   | 0.901       |
|    learning_rate        | 0.0003      |
|    loss                 | 27.6        |
|    n_updates            | 120         |
|    policy_gradient_loss | -0.00355    |
|    value_loss           | 58.8        |
-----------------------------------------
------------------------------------------
| time/                   |              |
|    fps                  | 422          |
|    iterations           | 14           |
|    time_elapsed         | 135          |
|    total_timesteps      | 57344        |
| train/                  |              |
|    approx_kl            | 0.0017743045 |
|    clip_fraction        | 0.017        |
|    clip_range           | 0.2          |
|    entropy_loss         | -0.409       |
|    explained_variance   | 0.896        |
|    learning_rate        | 0.0003       |
|    loss                 | 22.3         |
|    n_updates            | 130          |
|    policy_gradient_loss | -0.00342     |
|    value_loss           | 54           |
------------------------------------------
------------------------------------------
| time/                   |              |
|    fps                  | 421          |
|    iterations           | 15           |
|    time_elapsed         | 145          |
|    total_timesteps      | 61440        |
| train/                  |              |
|    approx_kl            | 0.0015295148 |
|    clip_fraction        | 0.0165       |
|    clip_range           | 0.2          |
|    entropy_loss         | -0.461       |
|    explained_variance   | 0.897        |
|    learning_rate        | 0.0003       |
|    loss                 | 23.6         |
|    n_updates            | 140          |
|    policy_gradient_loss | -0.00182     |
|    value_loss           | 51.6         |
------------------------------------------
-----------------------------------------
| time/                   |             |
|    fps                  | 420         |
|    iterations           | 16          |
|    time_elapsed         | 155         |
|    total_timesteps      | 65536       |
| train/                  |             |
|    approx_kl            | 0.001691032 |
|    clip_fraction        | 0.0233      |
|    clip_range           | 0.2         |
|    entropy_loss         | -0.367      |
|    explained_variance   | 0.897       |
|    learning_rate        | 0.0003      |
|    loss                 | 13.4        |
|    n_updates            | 150         |
|    policy_gradient_loss | -0.00343    |
|    value_loss           | 47.7        |
-----------------------------------------
------------------------------------------
| time/                   |              |
|    fps                  | 421          |
|    iterations           | 17           |
|    time_elapsed         | 165          |
|    total_timesteps      | 69632        |
| train/                  |              |
|    approx_kl            | 0.0019954457 |
|    clip_fraction        | 0.0231       |
|    clip_range           | 0.2          |
|    entropy_loss         | -0.428       |
|    explained_variance   | 0.895        |
|    learning_rate        | 0.0003       |
|    loss                 | 31.2         |
|    n_updates            | 160          |
|    policy_gradient_loss | -0.00331     |
|    value_loss           | 63.2         |
------------------------------------------
-------------------------------------------
| time/                   |               |
|    fps                  | 418           |
|    iterations           | 18            |
|    time_elapsed         | 176           |
|    total_timesteps      | 73728         |
| train/                  |               |
|    approx_kl            | 0.00081716274 |
|    clip_fraction        | 0.0073        |
|    clip_range           | 0.2           |
|    entropy_loss         | -0.333        |
|    explained_variance   | 0.916         |
|    learning_rate        | 0.0003        |
|    loss                 | 20.3          |
|    n_updates            | 170           |
|    policy_gradient_loss | -0.00152      |
|    value_loss           | 51.9          |
-------------------------------------------
------------------------------------------
| time/                   |              |
|    fps                  | 418          |
|    iterations           | 19           |
|    time_elapsed         | 185          |
|    total_timesteps      | 77824        |
| train/                  |              |
|    approx_kl            | 0.0017068535 |
|    clip_fraction        | 0.0137       |
|    clip_range           | 0.2          |
|    entropy_loss         | -0.324       |
|    explained_variance   | 0.912        |
|    learning_rate        | 0.0003       |
|    loss                 | 31.6         |
|    n_updates            | 180          |
|    policy_gradient_loss | -0.00241     |
|    value_loss           | 52.3         |
------------------------------------------
------------------------------------------
| time/                   |              |
|    fps                  | 419          |
|    iterations           | 20           |
|    time_elapsed         | 195          |
|    total_timesteps      | 81920        |
| train/                  |              |
|    approx_kl            | 0.0021304926 |
|    clip_fraction        | 0.00974      |
|    clip_range           | 0.2          |
|    entropy_loss         | -0.329       |
|    explained_variance   | 0.914        |
|    learning_rate        | 0.0003       |
|    loss                 | 26.6         |
|    n_updates            | 190          |
|    policy_gradient_loss | -0.00167     |
|    value_loss           | 58           |
------------------------------------------
----------------------------------------
| time/                   |            |
|    fps                  | 416        |
|    iterations           | 21         |
|    time_elapsed         | 206        |
|    total_timesteps      | 86016      |
| train/                  |            |
|    approx_kl            | 0.00167338 |
|    clip_fraction        | 0.0172     |
|    clip_range           | 0.2        |
|    entropy_loss         | -0.295     |
|    explained_variance   | 0.926      |
|    learning_rate        | 0.0003     |
|    loss                 | 25.5       |
|    n_updates            | 200        |
|    policy_gradient_loss | -0.00264   |
|    value_loss           | 50.8       |
----------------------------------------
------------------------------------------
| time/                   |              |
|    fps                  | 414          |
|    iterations           | 22           |
|    time_elapsed         | 217          |
|    total_timesteps      | 90112        |
| train/                  |              |
|    approx_kl            | 0.0018390254 |
|    clip_fraction        | 0.0216       |
|    clip_range           | 0.2          |
|    entropy_loss         | -0.291       |
|    explained_variance   | 0.917        |
|    learning_rate        | 0.0003       |
|    loss                 | 22.1         |
|    n_updates            | 210          |
|    policy_gradient_loss | -0.00263     |
|    value_loss           | 71.4         |
------------------------------------------
-----------------------------------------
| time/                   |             |
|    fps                  | 413         |
|    iterations           | 23          |
|    time_elapsed         | 227         |
|    total_timesteps      | 94208       |
| train/                  |             |
|    approx_kl            | 0.001679782 |
|    clip_fraction        | 0.0171      |
|    clip_range           | 0.2         |
|    entropy_loss         | -0.322      |
|    explained_variance   | 0.926       |
|    learning_rate        | 0.0003      |
|    loss                 | 28.6        |
|    n_updates            | 220         |
|    policy_gradient_loss | -0.00211    |
|    value_loss           | 63.7        |
-----------------------------------------
------------------------------------------
| time/                   |              |
|    fps                  | 412          |
|    iterations           | 24           |
|    time_elapsed         | 238          |
|    total_timesteps      | 98304        |
| train/                  |              |
|    approx_kl            | 0.0017216275 |
|    clip_fraction        | 0.0175       |
|    clip_range           | 0.2          |
|    entropy_loss         | -0.224       |
|    explained_variance   | 0.944        |
|    learning_rate        | 0.0003       |
|    loss                 | 21           |
|    n_updates            | 230          |
|    policy_gradient_loss | -0.00324     |
|    value_loss           | 43.8         |
------------------------------------------
------------------------------------------
| time/                   |              |
|    fps                  | 413          |
|    iterations           | 25           |
|    time_elapsed         | 247          |
|    total_timesteps      | 102400       |
| train/                  |              |
|    approx_kl            | 0.0012162852 |
|    clip_fraction        | 0.01         |
|    clip_range           | 0.2          |
|    entropy_loss         | -0.226       |
|    explained_variance   | 0.944        |
|    learning_rate        | 0.0003       |
|    loss                 | 15.3         |
|    n_updates            | 240          |
|    policy_gradient_loss | -0.00187     |
|    value_loss           | 35.2         |
------------------------------------------
------------------------------------------
| time/                   |              |
|    fps                  | 414          |
|    iterations           | 26           |
|    time_elapsed         | 256          |
|    total_timesteps      | 106496       |
| train/                  |              |
|    approx_kl            | 0.0015607724 |
|    clip_fraction        | 0.024        |
|    clip_range           | 0.2          |
|    entropy_loss         | -0.197       |
|    explained_variance   | 0.942        |
|    learning_rate        | 0.0003       |
|    loss                 | 13.3         |
|    n_updates            | 250          |
|    policy_gradient_loss | -0.00271     |
|    value_loss           | 35.6         |
------------------------------------------
------------------------------------------
| time/                   |              |
|    fps                  | 413          |
|    iterations           | 27           |
|    time_elapsed         | 267          |
|    total_timesteps      | 110592       |
| train/                  |              |
|    approx_kl            | 0.0012865642 |
|    clip_fraction        | 0.012        |
|    clip_range           | 0.2          |
|    entropy_loss         | -0.237       |
|    explained_variance   | 0.962        |
|    learning_rate        | 0.0003       |
|    loss                 | 16.9         |
|    n_updates            | 260          |
|    policy_gradient_loss | -0.00102     |
|    value_loss           | 30.1         |
------------------------------------------
------------------------------------------
| time/                   |              |
|    fps                  | 414          |
|    iterations           | 28           |
|    time_elapsed         | 276          |
|    total_timesteps      | 114688       |
| train/                  |              |
|    approx_kl            | 0.0016232356 |
|    clip_fraction        | 0.0241       |
|    clip_range           | 0.2          |
|    entropy_loss         | -0.264       |
|    explained_variance   | 0.939        |
|    learning_rate        | 0.0003       |
|    loss                 | 18.6         |
|    n_updates            | 270          |
|    policy_gradient_loss | -0.00206     |
|    value_loss           | 35.6         |
------------------------------------------
------------------------------------------
| time/                   |              |
|    fps                  | 415          |
|    iterations           | 29           |
|    time_elapsed         | 286          |
|    total_timesteps      | 118784       |
| train/                  |              |
|    approx_kl            | 0.0009813632 |
|    clip_fraction        | 0.0146       |
|    clip_range           | 0.2          |
|    entropy_loss         | -0.265       |
|    explained_variance   | 0.948        |
|    learning_rate        | 0.0003       |
|    loss                 | 18.4         |
|    n_updates            | 280          |
|    policy_gradient_loss | -0.00161     |
|    value_loss           | 38.3         |
------------------------------------------
------------------------------------------
| time/                   |              |
|    fps                  | 415          |
|    iterations           | 30           |
|    time_elapsed         | 295          |
|    total_timesteps      | 122880       |
| train/                  |              |
|    approx_kl            | 0.0010680747 |
|    clip_fraction        | 0.0178       |
|    clip_range           | 0.2          |
|    entropy_loss         | -0.246       |
|    explained_variance   | 0.943        |
|    learning_rate        | 0.0003       |
|    loss                 | 27.4         |
|    n_updates            | 290          |
|    policy_gradient_loss | -0.00121     |
|    value_loss           | 36.8         |
------------------------------------------
------------------------------------------
| time/                   |              |
|    fps                  | 414          |
|    iterations           | 31           |
|    time_elapsed         | 306          |
|    total_timesteps      | 126976       |
| train/                  |              |
|    approx_kl            | 0.0016366278 |
|    clip_fraction        | 0.0136       |
|    clip_range           | 0.2          |
|    entropy_loss         | -0.297       |
|    explained_variance   | 0.931        |
|    learning_rate        | 0.0003       |
|    loss                 | 18.7         |
|    n_updates            | 300          |
|    policy_gradient_loss | -0.0014      |
|    value_loss           | 47.4         |
------------------------------------------
------------------------------------------
| time/                   |              |
|    fps                  | 414          |
|    iterations           | 32           |
|    time_elapsed         | 316          |
|    total_timesteps      | 131072       |
| train/                  |              |
|    approx_kl            | 0.0017023969 |
|    clip_fraction        | 0.0147       |
|    clip_range           | 0.2          |
|    entropy_loss         | -0.198       |
|    explained_variance   | 0.9          |
|    learning_rate        | 0.0003       |
|    loss                 | 15.1         |
|    n_updates            | 310          |
|    policy_gradient_loss | -0.00232     |
|    value_loss           | 44.1         |
------------------------------------------
------------------------------------------
| time/                   |              |
|    fps                  | 414          |
|    iterations           | 33           |
|    time_elapsed         | 326          |
|    total_timesteps      | 135168       |
| train/                  |              |
|    approx_kl            | 0.0013161695 |
|    clip_fraction        | 0.0132       |
|    clip_range           | 0.2          |
|    entropy_loss         | -0.245       |
|    explained_variance   | 0.934        |
|    learning_rate        | 0.0003       |
|    loss                 | 18.3         |
|    n_updates            | 320          |
|    policy_gradient_loss | -0.00118     |
|    value_loss           | 43.6         |
------------------------------------------
------------------------------------------
| time/                   |              |
|    fps                  | 412          |
|    iterations           | 34           |
|    time_elapsed         | 337          |
|    total_timesteps      | 139264       |
| train/                  |              |
|    approx_kl            | 0.0007286547 |
|    clip_fraction        | 0.0125       |
|    clip_range           | 0.2          |
|    entropy_loss         | -0.253       |
|    explained_variance   | 0.934        |
|    learning_rate        | 0.0003       |
|    loss                 | 29.1         |
|    n_updates            | 330          |
|    policy_gradient_loss | -0.00184     |
|    value_loss           | 56           |
------------------------------------------
------------------------------------------
| time/                   |              |
|    fps                  | 412          |
|    iterations           | 35           |
|    time_elapsed         | 347          |
|    total_timesteps      | 143360       |
| train/                  |              |
|    approx_kl            | 0.0015549322 |
|    clip_fraction        | 0.0197       |
|    clip_range           | 0.2          |
|    entropy_loss         | -0.279       |
|    explained_variance   | 0.93         |
|    learning_rate        | 0.0003       |
|    loss                 | 37.7         |
|    n_updates            | 340          |
|    policy_gradient_loss | -0.00244     |
|    value_loss           | 50           |
------------------------------------------
------------------------------------------
| time/                   |              |
|    fps                  | 413          |
|    iterations           | 36           |
|    time_elapsed         | 356          |
|    total_timesteps      | 147456       |
| train/                  |              |
|    approx_kl            | 0.0008811898 |
|    clip_fraction        | 0.00869      |
|    clip_range           | 0.2          |
|    entropy_loss         | -0.281       |
|    explained_variance   | 0.948        |
|    learning_rate        | 0.0003       |
|    loss                 | 16.4         |
|    n_updates            | 350          |
|    policy_gradient_loss | -0.00151     |
|    value_loss           | 42.2         |
------------------------------------------
------------------------------------------
| time/                   |              |
|    fps                  | 412          |
|    iterations           | 37           |
|    time_elapsed         | 367          |
|    total_timesteps      | 151552       |
| train/                  |              |
|    approx_kl            | 0.0014097763 |
|    clip_fraction        | 0.0169       |
|    clip_range           | 0.2          |
|    entropy_loss         | -0.227       |
|    explained_variance   | 0.951        |
|    learning_rate        | 0.0003       |
|    loss                 | 14.3         |
|    n_updates            | 360          |
|    policy_gradient_loss | -0.00198     |
|    value_loss           | 32.9         |
------------------------------------------
------------------------------------------
| time/                   |              |
|    fps                  | 412          |
|    iterations           | 38           |
|    time_elapsed         | 377          |
|    total_timesteps      | 155648       |
| train/                  |              |
|    approx_kl            | 0.0015260049 |
|    clip_fraction        | 0.0147       |
|    clip_range           | 0.2          |
|    entropy_loss         | -0.25        |
|    explained_variance   | 0.949        |
|    learning_rate        | 0.0003       |
|    loss                 | 13.5         |
|    n_updates            | 370          |
|    policy_gradient_loss | -0.00308     |
|    value_loss           | 33.3         |
------------------------------------------
-----------------------------------------
| time/                   |             |
|    fps                  | 412         |
|    iterations           | 39          |
|    time_elapsed         | 386         |
|    total_timesteps      | 159744      |
| train/                  |             |
|    approx_kl            | 0.004644858 |
|    clip_fraction        | 0.0278      |
|    clip_range           | 0.2         |
|    entropy_loss         | -0.195      |
|    explained_variance   | 0.941       |
|    learning_rate        | 0.0003      |
|    loss                 | 18.9        |
|    n_updates            | 380         |
|    policy_gradient_loss | -0.00337    |
|    value_loss           | 30.7        |
-----------------------------------------
------------------------------------------
| time/                   |              |
|    fps                  | 412          |
|    iterations           | 40           |
|    time_elapsed         | 396          |
|    total_timesteps      | 163840       |
| train/                  |              |
|    approx_kl            | 0.0014326167 |
|    clip_fraction        | 0.0169       |
|    clip_range           | 0.2          |
|    entropy_loss         | -0.213       |
|    explained_variance   | 0.934        |
|    learning_rate        | 0.0003       |
|    loss                 | 23.1         |
|    n_updates            | 390          |
|    policy_gradient_loss | -0.00143     |
|    value_loss           | 44.2         |
------------------------------------------
-----------------------------------------
| time/                   |             |
|    fps                  | 411         |
|    iterations           | 41          |
|    time_elapsed         | 407         |
|    total_timesteps      | 167936      |
| train/                  |             |
|    approx_kl            | 0.001132519 |
|    clip_fraction        | 0.0153      |
|    clip_range           | 0.2         |
|    entropy_loss         | -0.218      |
|    explained_variance   | 0.951       |
|    learning_rate        | 0.0003      |
|    loss                 | 14.2        |
|    n_updates            | 400         |
|    policy_gradient_loss | -0.00156    |
|    value_loss           | 32.8        |
-----------------------------------------
------------------------------------------
| time/                   |              |
|    fps                  | 412          |
|    iterations           | 42           |
|    time_elapsed         | 416          |
|    total_timesteps      | 172032       |
| train/                  |              |
|    approx_kl            | 0.0008838117 |
|    clip_fraction        | 0.00627      |
|    clip_range           | 0.2          |
|    entropy_loss         | -0.212       |
|    explained_variance   | 0.907        |
|    learning_rate        | 0.0003       |
|    loss                 | 36.6         |
|    n_updates            | 410          |
|    policy_gradient_loss | -0.000924    |
|    value_loss           | 66.6         |
------------------------------------------
------------------------------------------
| time/                   |              |
|    fps                  | 413          |
|    iterations           | 43           |
|    time_elapsed         | 426          |
|    total_timesteps      | 176128       |
| train/                  |              |
|    approx_kl            | 0.0013102088 |
|    clip_fraction        | 0.0092       |
|    clip_range           | 0.2          |
|    entropy_loss         | -0.191       |
|    explained_variance   | 0.906        |
|    learning_rate        | 0.0003       |
|    loss                 | 18.7         |
|    n_updates            | 420          |
|    policy_gradient_loss | -0.00139     |
|    value_loss           | 38.9         |
------------------------------------------
------------------------------------------
| time/                   |              |
|    fps                  | 412          |
|    iterations           | 44           |
|    time_elapsed         | 436          |
|    total_timesteps      | 180224       |
| train/                  |              |
|    approx_kl            | 0.0015296957 |
|    clip_fraction        | 0.0132       |
|    clip_range           | 0.2          |
|    entropy_loss         | -0.206       |
|    explained_variance   | 0.925        |
|    learning_rate        | 0.0003       |
|    loss                 | 19           |
|    n_updates            | 430          |
|    policy_gradient_loss | -0.0022      |
|    value_loss           | 53.2         |
------------------------------------------
------------------------------------------
| time/                   |              |
|    fps                  | 413          |
|    iterations           | 45           |
|    time_elapsed         | 445          |
|    total_timesteps      | 184320       |
| train/                  |              |
|    approx_kl            | 0.0015689697 |
|    clip_fraction        | 0.0195       |
|    clip_range           | 0.2          |
|    entropy_loss         | -0.175       |
|    explained_variance   | 0.943        |
|    learning_rate        | 0.0003       |
|    loss                 | 14.6         |
|    n_updates            | 440          |
|    policy_gradient_loss | -0.00246     |
|    value_loss           | 36.1         |
------------------------------------------
------------------------------------------
| time/                   |              |
|    fps                  | 413          |
|    iterations           | 46           |
|    time_elapsed         | 456          |
|    total_timesteps      | 188416       |
| train/                  |              |
|    approx_kl            | 0.0013886559 |
|    clip_fraction        | 0.0108       |
|    clip_range           | 0.2          |
|    entropy_loss         | -0.174       |
|    explained_variance   | 0.925        |
|    learning_rate        | 0.0003       |
|    loss                 | 14.2         |
|    n_updates            | 450          |
|    policy_gradient_loss | -0.00171     |
|    value_loss           | 38.3         |
------------------------------------------
------------------------------------------
| time/                   |              |
|    fps                  | 411          |
|    iterations           | 47           |
|    time_elapsed         | 467          |
|    total_timesteps      | 192512       |
| train/                  |              |
|    approx_kl            | 0.0016864778 |
|    clip_fraction        | 0.0162       |
|    clip_range           | 0.2          |
|    entropy_loss         | -0.201       |
|    explained_variance   | 0.935        |
|    learning_rate        | 0.0003       |
|    loss                 | 15.8         |
|    n_updates            | 460          |
|    policy_gradient_loss | -0.00231     |
|    value_loss           | 45.2         |
------------------------------------------
-------------------------------------------
| time/                   |               |
|    fps                  | 412           |
|    iterations           | 48            |
|    time_elapsed         | 476           |
|    total_timesteps      | 196608        |
| train/                  |               |
|    approx_kl            | 0.00094151555 |
|    clip_fraction        | 0.00664       |
|    clip_range           | 0.2           |
|    entropy_loss         | -0.23         |
|    explained_variance   | 0.94          |
|    learning_rate        | 0.0003        |
|    loss                 | 24.1          |
|    n_updates            | 470           |
|    policy_gradient_loss | -0.00149      |
|    value_loss           | 52.8          |
-------------------------------------------
------------------------------------------
| time/                   |              |
|    fps                  | 412          |
|    iterations           | 49           |
|    time_elapsed         | 487          |
|    total_timesteps      | 200704       |
| train/                  |              |
|    approx_kl            | 0.0006037247 |
|    clip_fraction        | 0.00557      |
|    clip_range           | 0.2          |
|    entropy_loss         | -0.19        |
|    explained_variance   | 0.942        |
|    learning_rate        | 0.0003       |
|    loss                 | 14.4         |
|    n_updates            | 480          |
|    policy_gradient_loss | -0.00101     |
|    value_loss           | 37.3         |
------------------------------------------
saved -> /home/abhinav/Dock/backend/runs/ppo_c1/model.zip
warm-start from runs/ppo_c1/model.zip
Logging to /home/abhinav/Dock/backend/runs/ppo_c2/MaskablePPO_1
-----------------------------
| time/              |      |
|    fps             | 372  |
|    iterations      | 1    |
|    time_elapsed    | 10   |
|    total_timesteps | 4096 |
-----------------------------
-----------------------------------------
| time/                   |             |
|    fps                  | 398         |
|    iterations           | 2           |
|    time_elapsed         | 20          |
|    total_timesteps      | 8192        |
| train/                  |             |
|    approx_kl            | 0.000809106 |
|    clip_fraction        | 0.00747     |
|    clip_range           | 0.2         |
|    entropy_loss         | -0.182      |
|    explained_variance   | 0.887       |
|    learning_rate        | 0.0003      |
|    loss                 | 49.7        |
|    n_updates            | 500         |
|    policy_gradient_loss | -0.0018     |
|    value_loss           | 126         |
-----------------------------------------
-----------------------------------------
| time/                   |             |
|    fps                  | 405         |
|    iterations           | 3           |
|    time_elapsed         | 30          |
|    total_timesteps      | 12288       |
| train/                  |             |
|    approx_kl            | 0.002847887 |
|    clip_fraction        | 0.0259      |
|    clip_range           | 0.2         |
|    entropy_loss         | -0.154      |
|    explained_variance   | 0.944       |
|    learning_rate        | 0.0003      |
|    loss                 | 16.5        |
|    n_updates            | 510         |
|    policy_gradient_loss | -0.00338    |
|    value_loss           | 39.3        |
-----------------------------------------
------------------------------------------
| time/                   |              |
|    fps                  | 404          |
|    iterations           | 4            |
|    time_elapsed         | 40           |
|    total_timesteps      | 16384        |
| train/                  |              |
|    approx_kl            | 0.0018650047 |
|    clip_fraction        | 0.0162       |
|    clip_range           | 0.2          |
|    entropy_loss         | -0.122       |
|    explained_variance   | 0.896        |
|    learning_rate        | 0.0003       |
|    loss                 | 42.9         |
|    n_updates            | 520          |
|    policy_gradient_loss | -0.00211     |
|    value_loss           | 107          |
------------------------------------------
------------------------------------------
| time/                   |              |
|    fps                  | 405          |
|    iterations           | 5            |
|    time_elapsed         | 50           |
|    total_timesteps      | 20480        |
| train/                  |              |
|    approx_kl            | 0.0012363407 |
|    clip_fraction        | 0.0257       |
|    clip_range           | 0.2          |
|    entropy_loss         | -0.142       |
|    explained_variance   | 0.932        |
|    learning_rate        | 0.0003       |
|    loss                 | 10.7         |
|    n_updates            | 530          |
|    policy_gradient_loss | -0.000793    |
|    value_loss           | 37           |
------------------------------------------
------------------------------------------
| time/                   |              |
|    fps                  | 413          |
|    iterations           | 6            |
|    time_elapsed         | 59           |
|    total_timesteps      | 24576        |
| train/                  |              |
|    approx_kl            | 0.0020284427 |
|    clip_fraction        | 0.0165       |
|    clip_range           | 0.2          |
|    entropy_loss         | -0.159       |
|    explained_variance   | 0.918        |
|    learning_rate        | 0.0003       |
|    loss                 | 35.5         |
|    n_updates            | 540          |
|    policy_gradient_loss | -0.00208     |
|    value_loss           | 62.8         |
------------------------------------------
-------------------------------------------
| time/                   |               |
|    fps                  | 410           |
|    iterations           | 7             |
|    time_elapsed         | 69            |
|    total_timesteps      | 28672         |
| train/                  |               |
|    approx_kl            | 0.00076353975 |
|    clip_fraction        | 0.00847       |
|    clip_range           | 0.2           |
|    entropy_loss         | -0.107        |
|    explained_variance   | 0.896         |
|    learning_rate        | 0.0003        |
|    loss                 | 18.8          |
|    n_updates            | 550           |
|    policy_gradient_loss | -0.000607     |
|    value_loss           | 52.9          |
-------------------------------------------
------------------------------------------
| time/                   |              |
|    fps                  | 400          |
|    iterations           | 8            |
|    time_elapsed         | 81           |
|    total_timesteps      | 32768        |
| train/                  |              |
|    approx_kl            | 0.0012564056 |
|    clip_fraction        | 0.011        |
|    clip_range           | 0.2          |
|    entropy_loss         | -0.122       |
|    explained_variance   | 0.755        |
|    learning_rate        | 0.0003       |
|    loss                 | 22.3         |
|    n_updates            | 560          |
|    policy_gradient_loss | -0.00142     |
|    value_loss           | 48.7         |
------------------------------------------
------------------------------------------
| time/                   |              |
|    fps                  | 394          |
|    iterations           | 9            |
|    time_elapsed         | 93           |
|    total_timesteps      | 36864        |
| train/                  |              |
|    approx_kl            | 0.0011158857 |
|    clip_fraction        | 0.00718      |
|    clip_range           | 0.2          |
|    entropy_loss         | -0.11        |
|    explained_variance   | 0.948        |
|    learning_rate        | 0.0003       |
|    loss                 | 24.1         |
|    n_updates            | 570          |
|    policy_gradient_loss | -0.00123     |
|    value_loss           | 62.7         |
------------------------------------------
------------------------------------------
| time/                   |              |
|    fps                  | 385          |
|    iterations           | 10           |
|    time_elapsed         | 106          |
|    total_timesteps      | 40960        |
| train/                  |              |
|    approx_kl            | 0.0011258184 |
|    clip_fraction        | 0.0153       |
|    clip_range           | 0.2          |
|    entropy_loss         | -0.161       |
|    explained_variance   | 0.921        |
|    learning_rate        | 0.0003       |
|    loss                 | 24.1         |
|    n_updates            | 580          |
|    policy_gradient_loss | -0.00204     |
|    value_loss           | 48.5         |
------------------------------------------
------------------------------------------
| time/                   |              |
|    fps                  | 381          |
|    iterations           | 11           |
|    time_elapsed         | 118          |
|    total_timesteps      | 45056        |
| train/                  |              |
|    approx_kl            | 0.0016407294 |
|    clip_fraction        | 0.0182       |
|    clip_range           | 0.2          |
|    entropy_loss         | -0.198       |
|    explained_variance   | 0.924        |
|    learning_rate        | 0.0003       |
|    loss                 | 22.1         |
|    n_updates            | 590          |
|    policy_gradient_loss | -0.00223     |
|    value_loss           | 70.3         |
------------------------------------------
------------------------------------------
| time/                   |              |
|    fps                  | 382          |
|    iterations           | 12           |
|    time_elapsed         | 128          |
|    total_timesteps      | 49152        |
| train/                  |              |
|    approx_kl            | 0.0014366609 |
|    clip_fraction        | 0.0115       |
|    clip_range           | 0.2          |
|    entropy_loss         | -0.199       |
|    explained_variance   | 0.884        |
|    learning_rate        | 0.0003       |
|    loss                 | 41.9         |
|    n_updates            | 600          |
|    policy_gradient_loss | -0.00193     |
|    value_loss           | 83           |
------------------------------------------
------------------------------------------
| time/                   |              |
|    fps                  | 377          |
|    iterations           | 13           |
|    time_elapsed         | 140          |
|    total_timesteps      | 53248        |
| train/                  |              |
|    approx_kl            | 0.0015130275 |
|    clip_fraction        | 0.0135       |
|    clip_range           | 0.2          |
|    entropy_loss         | -0.146       |
|    explained_variance   | 0.949        |
|    learning_rate        | 0.0003       |
|    loss                 | 28.1         |
|    n_updates            | 610          |
|    policy_gradient_loss | -0.00121     |
|    value_loss           | 64.4         |
------------------------------------------
-------------------------------------------
| time/                   |               |
|    fps                  | 379           |
|    iterations           | 14            |
|    time_elapsed         | 150           |
|    total_timesteps      | 57344         |
| train/                  |               |
|    approx_kl            | 0.00033643015 |
|    clip_fraction        | 0.00972       |
|    clip_range           | 0.2           |
|    entropy_loss         | -0.124        |
|    explained_variance   | 0.889         |
|    learning_rate        | 0.0003        |
|    loss                 | 48.7          |
|    n_updates            | 620           |
|    policy_gradient_loss | -0.00103      |
|    value_loss           | 103           |
-------------------------------------------
------------------------------------------
| time/                   |              |
|    fps                  | 383          |
|    iterations           | 15           |
|    time_elapsed         | 160          |
|    total_timesteps      | 61440        |
| train/                  |              |
|    approx_kl            | 0.0010741081 |
|    clip_fraction        | 0.0137       |
|    clip_range           | 0.2          |
|    entropy_loss         | -0.144       |
|    explained_variance   | 0.943        |
|    learning_rate        | 0.0003       |
|    loss                 | 32.9         |
|    n_updates            | 630          |
|    policy_gradient_loss | -0.0016      |
|    value_loss           | 48.4         |
------------------------------------------
------------------------------------------
| time/                   |              |
|    fps                  | 385          |
|    iterations           | 16           |
|    time_elapsed         | 170          |
|    total_timesteps      | 65536        |
| train/                  |              |
|    approx_kl            | 0.0010817026 |
|    clip_fraction        | 0.0064       |
|    clip_range           | 0.2          |
|    entropy_loss         | -0.118       |
|    explained_variance   | 0.953        |
|    learning_rate        | 0.0003       |
|    loss                 | 16.4         |
|    n_updates            | 640          |
|    policy_gradient_loss | -0.00134     |
|    value_loss           | 43.7         |
------------------------------------------
-------------------------------------------
| time/                   |               |
|    fps                  | 386           |
|    iterations           | 17            |
|    time_elapsed         | 179           |
|    total_timesteps      | 69632         |
| train/                  |               |
|    approx_kl            | 0.00045686774 |
|    clip_fraction        | 0.00588       |
|    clip_range           | 0.2           |
|    entropy_loss         | -0.093        |
|    explained_variance   | 0.942         |
|    learning_rate        | 0.0003        |
|    loss                 | 46.5          |
|    n_updates            | 650           |
|    policy_gradient_loss | -0.00104      |
|    value_loss           | 85.6          |
-------------------------------------------
-----------------------------------------
| time/                   |             |
|    fps                  | 386         |
|    iterations           | 18          |
|    time_elapsed         | 190         |
|    total_timesteps      | 73728       |
| train/                  |             |
|    approx_kl            | 0.001579975 |
|    clip_fraction        | 0.0115      |
|    clip_range           | 0.2         |
|    entropy_loss         | -0.119      |
|    explained_variance   | 0.948       |
|    learning_rate        | 0.0003      |
|    loss                 | 22.6        |
|    n_updates            | 660         |
|    policy_gradient_loss | -0.00136    |
|    value_loss           | 44.3        |
-----------------------------------------
------------------------------------------
| time/                   |              |
|    fps                  | 388          |
|    iterations           | 19           |
|    time_elapsed         | 200          |
|    total_timesteps      | 77824        |
| train/                  |              |
|    approx_kl            | 0.0019008638 |
|    clip_fraction        | 0.0128       |
|    clip_range           | 0.2          |
|    entropy_loss         | -0.149       |
|    explained_variance   | 0.937        |
|    learning_rate        | 0.0003       |
|    loss                 | 54.4         |
|    n_updates            | 670          |
|    policy_gradient_loss | -0.00179     |
|    value_loss           | 84.8         |
------------------------------------------
------------------------------------------
| time/                   |              |
|    fps                  | 388          |
|    iterations           | 20           |
|    time_elapsed         | 211          |
|    total_timesteps      | 81920        |
| train/                  |              |
|    approx_kl            | 0.0020157835 |
|    clip_fraction        | 0.0174       |
|    clip_range           | 0.2          |
|    entropy_loss         | -0.172       |
|    explained_variance   | 0.967        |
|    learning_rate        | 0.0003       |
|    loss                 | 17.4         |
|    n_updates            | 680          |
|    policy_gradient_loss | -0.00167     |
|    value_loss           | 46.6         |
------------------------------------------
-----------------------------------------
| time/                   |             |
|    fps                  | 389         |
|    iterations           | 21          |
|    time_elapsed         | 220         |
|    total_timesteps      | 86016       |
| train/                  |             |
|    approx_kl            | 0.012487867 |
|    clip_fraction        | 0.043       |
|    clip_range           | 0.2         |
|    entropy_loss         | -0.172      |
|    explained_variance   | 0.946       |
|    learning_rate        | 0.0003      |
|    loss                 | 8.84        |
|    n_updates            | 690         |
|    policy_gradient_loss | -0.00633    |
|    value_loss           | 31.3        |
-----------------------------------------
------------------------------------------
| time/                   |              |
|    fps                  | 391          |
|    iterations           | 22           |
|    time_elapsed         | 230          |
|    total_timesteps      | 90112        |
| train/                  |              |
|    approx_kl            | 0.0010917551 |
|    clip_fraction        | 0.0136       |
|    clip_range           | 0.2          |
|    entropy_loss         | -0.165       |
|    explained_variance   | 0.955        |
|    learning_rate        | 0.0003       |
|    loss                 | 17.7         |
|    n_updates            | 700          |
|    policy_gradient_loss | -0.00188     |
|    value_loss           | 46.8         |
------------------------------------------
-------------------------------------------
| time/                   |               |
|    fps                  | 387           |
|    iterations           | 23            |
|    time_elapsed         | 243           |
|    total_timesteps      | 94208         |
| train/                  |               |
|    approx_kl            | 0.00089339865 |
|    clip_fraction        | 0.0103        |
|    clip_range           | 0.2           |
|    entropy_loss         | -0.126        |
|    explained_variance   | 0.952         |
|    learning_rate        | 0.0003        |
|    loss                 | 18.3          |
|    n_updates            | 710           |
|    policy_gradient_loss | -0.00128      |
|    value_loss           | 32.9          |
-------------------------------------------
------------------------------------------
| time/                   |              |
|    fps                  | 386          |
|    iterations           | 24           |
|    time_elapsed         | 254          |
|    total_timesteps      | 98304        |
| train/                  |              |
|    approx_kl            | 0.0008413467 |
|    clip_fraction        | 0.0107       |
|    clip_range           | 0.2          |
|    entropy_loss         | -0.15        |
|    explained_variance   | 0.959        |
|    learning_rate        | 0.0003       |
|    loss                 | 17.9         |
|    n_updates            | 720          |
|    policy_gradient_loss | -0.00169     |
|    value_loss           | 40.9         |
------------------------------------------
------------------------------------------
| time/                   |              |
|    fps                  | 386          |
|    iterations           | 25           |
|    time_elapsed         | 264          |
|    total_timesteps      | 102400       |
| train/                  |              |
|    approx_kl            | 0.0014454334 |
|    clip_fraction        | 0.0235       |
|    clip_range           | 0.2          |
|    entropy_loss         | -0.143       |
|    explained_variance   | 0.942        |
|    learning_rate        | 0.0003       |
|    loss                 | 21.9         |
|    n_updates            | 730          |
|    policy_gradient_loss | -0.0027      |
|    value_loss           | 44.1         |
------------------------------------------
------------------------------------------
| time/                   |              |
|    fps                  | 386          |
|    iterations           | 26           |
|    time_elapsed         | 275          |
|    total_timesteps      | 106496       |
| train/                  |              |
|    approx_kl            | 0.0008844679 |
|    clip_fraction        | 0.012        |
|    clip_range           | 0.2          |
|    entropy_loss         | -0.169       |
|    explained_variance   | 0.896        |
|    learning_rate        | 0.0003       |
|    loss                 | 32.4         |
|    n_updates            | 740          |
|    policy_gradient_loss | -0.0014      |
|    value_loss           | 80.3         |
------------------------------------------
-------------------------------------------
| time/                   |               |
|    fps                  | 389           |
|    iterations           | 27            |
|    time_elapsed         | 284           |
|    total_timesteps      | 110592        |
| train/                  |               |
|    approx_kl            | 0.00086740294 |
|    clip_fraction        | 0.00669       |
|    clip_range           | 0.2           |
|    entropy_loss         | -0.116        |
|    explained_variance   | 0.916         |
|    learning_rate        | 0.0003        |
|    loss                 | 28.8          |
|    n_updates            | 750           |
|    policy_gradient_loss | -0.00126      |
|    value_loss           | 52.8          |
-------------------------------------------
------------------------------------------
| time/                   |              |
|    fps                  | 389          |
|    iterations           | 28           |
|    time_elapsed         | 294          |
|    total_timesteps      | 114688       |
| train/                  |              |
|    approx_kl            | 0.0014879487 |
|    clip_fraction        | 0.00962      |
|    clip_range           | 0.2          |
|    entropy_loss         | -0.0769      |
|    explained_variance   | 0.974        |
|    learning_rate        | 0.0003       |
|    loss                 | 10.7         |
|    n_updates            | 760          |
|    policy_gradient_loss | -0.00157     |
|    value_loss           | 25.5         |
------------------------------------------
------------------------------------------
| time/                   |              |
|    fps                  | 387          |
|    iterations           | 29           |
|    time_elapsed         | 306          |
|    total_timesteps      | 118784       |
| train/                  |              |
|    approx_kl            | 0.0018179159 |
|    clip_fraction        | 0.013        |
|    clip_range           | 0.2          |
|    entropy_loss         | -0.0795      |
|    explained_variance   | 0.931        |
|    learning_rate        | 0.0003       |
|    loss                 | 19.5         |
|    n_updates            | 770          |
|    policy_gradient_loss | -0.00202     |
|    value_loss           | 63.1         |
------------------------------------------
------------------------------------------
| time/                   |              |
|    fps                  | 387          |
|    iterations           | 30           |
|    time_elapsed         | 317          |
|    total_timesteps      | 122880       |
| train/                  |              |
|    approx_kl            | 0.0004846856 |
|    clip_fraction        | 0.00352      |
|    clip_range           | 0.2          |
|    entropy_loss         | -0.0833      |
|    explained_variance   | 0.908        |
|    learning_rate        | 0.0003       |
|    loss                 | 32.4         |
|    n_updates            | 780          |
|    policy_gradient_loss | -0.00084     |
|    value_loss           | 58.4         |
------------------------------------------
-------------------------------------------
| time/                   |               |
|    fps                  | 386           |
|    iterations           | 31            |
|    time_elapsed         | 328           |
|    total_timesteps      | 126976        |
| train/                  |               |
|    approx_kl            | 0.00080245745 |
|    clip_fraction        | 0.00664       |
|    clip_range           | 0.2           |
|    entropy_loss         | -0.068        |
|    explained_variance   | 0.926         |
|    learning_rate        | 0.0003        |
|    loss                 | 10.3          |
|    n_updates            | 790           |
|    policy_gradient_loss | -0.00122      |
|    value_loss           | 45.3          |
-------------------------------------------
-----------------------------------------
| time/                   |             |
|    fps                  | 386         |
|    iterations           | 32          |
|    time_elapsed         | 339         |
|    total_timesteps      | 131072      |
| train/                  |             |
|    approx_kl            | 0.001208297 |
|    clip_fraction        | 0.0103      |
|    clip_range           | 0.2         |
|    entropy_loss         | -0.118      |
|    explained_variance   | 0.969       |
|    learning_rate        | 0.0003      |
|    loss                 | 14.8        |
|    n_updates            | 800         |
|    policy_gradient_loss | -0.00208    |
|    value_loss           | 35.1        |
-----------------------------------------
------------------------------------------
| time/                   |              |
|    fps                  | 385          |
|    iterations           | 33           |
|    time_elapsed         | 350          |
|    total_timesteps      | 135168       |
| train/                  |              |
|    approx_kl            | 0.0059669903 |
|    clip_fraction        | 0.0161       |
|    clip_range           | 0.2          |
|    entropy_loss         | -0.1         |
|    explained_variance   | 0.927        |
|    learning_rate        | 0.0003       |
|    loss                 | 12.3         |
|    n_updates            | 810          |
|    policy_gradient_loss | -0.00407     |
|    value_loss           | 32.3         |
------------------------------------------
------------------------------------------
| time/                   |              |
|    fps                  | 386          |
|    iterations           | 34           |
|    time_elapsed         | 359          |
|    total_timesteps      | 139264       |
| train/                  |              |
|    approx_kl            | 0.0013872327 |
|    clip_fraction        | 0.00815      |
|    clip_range           | 0.2          |
|    entropy_loss         | -0.124       |
|    explained_variance   | 0.93         |
|    learning_rate        | 0.0003       |
|    loss                 | 23.6         |
|    n_updates            | 820          |
|    policy_gradient_loss | -0.00119     |
|    value_loss           | 61.2         |
------------------------------------------
------------------------------------------
| time/                   |              |
|    fps                  | 385          |
|    iterations           | 35           |
|    time_elapsed         | 371          |
|    total_timesteps      | 143360       |
| train/                  |              |
|    approx_kl            | 0.0021532793 |
|    clip_fraction        | 0.013        |
|    clip_range           | 0.2          |
|    entropy_loss         | -0.0851      |
|    explained_variance   | 0.959        |
|    learning_rate        | 0.0003       |
|    loss                 | 10.9         |
|    n_updates            | 830          |
|    policy_gradient_loss | -0.00189     |
|    value_loss           | 27.4         |
------------------------------------------
------------------------------------------
| time/                   |              |
|    fps                  | 385          |
|    iterations           | 36           |
|    time_elapsed         | 382          |
|    total_timesteps      | 147456       |
| train/                  |              |
|    approx_kl            | 0.0016323354 |
|    clip_fraction        | 0.0205       |
|    clip_range           | 0.2          |
|    entropy_loss         | -0.137       |
|    explained_variance   | 0.935        |
|    learning_rate        | 0.0003       |
|    loss                 | 19.2         |
|    n_updates            | 840          |
|    policy_gradient_loss | -0.00187     |
|    value_loss           | 54.1         |
------------------------------------------
------------------------------------------
| time/                   |              |
|    fps                  | 384          |
|    iterations           | 37           |
|    time_elapsed         | 393          |
|    total_timesteps      | 151552       |
| train/                  |              |
|    approx_kl            | 0.0016462025 |
|    clip_fraction        | 0.0124       |
|    clip_range           | 0.2          |
|    entropy_loss         | -0.125       |
|    explained_variance   | 0.916        |
|    learning_rate        | 0.0003       |
|    loss                 | 15.6         |
|    n_updates            | 850          |
|    policy_gradient_loss | -0.00149     |
|    value_loss           | 51.2         |
------------------------------------------
------------------------------------------
| time/                   |              |
|    fps                  | 384          |
|    iterations           | 38           |
|    time_elapsed         | 404          |
|    total_timesteps      | 155648       |
| train/                  |              |
|    approx_kl            | 0.0017317839 |
|    clip_fraction        | 0.00981      |
|    clip_range           | 0.2          |
|    entropy_loss         | -0.125       |
|    explained_variance   | 0.922        |
|    learning_rate        | 0.0003       |
|    loss                 | 20.2         |
|    n_updates            | 860          |
|    policy_gradient_loss | -0.00135     |
|    value_loss           | 67.4         |
------------------------------------------
------------------------------------------
| time/                   |              |
|    fps                  | 383          |
|    iterations           | 39           |
|    time_elapsed         | 416          |
|    total_timesteps      | 159744       |
| train/                  |              |
|    approx_kl            | 0.0012098463 |
|    clip_fraction        | 0.00713      |
|    clip_range           | 0.2          |
|    entropy_loss         | -0.0956      |
|    explained_variance   | 0.854        |
|    learning_rate        | 0.0003       |
|    loss                 | 22           |
|    n_updates            | 870          |
|    policy_gradient_loss | -0.0017      |
|    value_loss           | 45           |
------------------------------------------
-------------------------------------------
| time/                   |               |
|    fps                  | 384           |
|    iterations           | 40            |
|    time_elapsed         | 426           |
|    total_timesteps      | 163840        |
| train/                  |               |
|    approx_kl            | 0.00093699887 |
|    clip_fraction        | 0.0102        |
|    clip_range           | 0.2           |
|    entropy_loss         | -0.161        |
|    explained_variance   | 0.951         |
|    learning_rate        | 0.0003        |
|    loss                 | 21.2          |
|    n_updates            | 880           |
|    policy_gradient_loss | -0.00137      |
|    value_loss           | 70.9          |
-------------------------------------------
------------------------------------------
| time/                   |              |
|    fps                  | 383          |
|    iterations           | 41           |
|    time_elapsed         | 437          |
|    total_timesteps      | 167936       |
| train/                  |              |
|    approx_kl            | 0.0011530258 |
|    clip_fraction        | 0.00891      |
|    clip_range           | 0.2          |
|    entropy_loss         | -0.0885      |
|    explained_variance   | 0.939        |
|    learning_rate        | 0.0003       |
|    loss                 | 15.2         |
|    n_updates            | 890          |
|    policy_gradient_loss | -0.00109     |
|    value_loss           | 45.4         |
------------------------------------------
-------------------------------------------
| time/                   |               |
|    fps                  | 383           |
|    iterations           | 42            |
|    time_elapsed         | 448           |
|    total_timesteps      | 172032        |
| train/                  |               |
|    approx_kl            | 0.00068310817 |
|    clip_fraction        | 0.00798       |
|    clip_range           | 0.2           |
|    entropy_loss         | -0.119        |
|    explained_variance   | 0.931         |
|    learning_rate        | 0.0003        |
|    loss                 | 9.93          |
|    n_updates            | 900           |
|    policy_gradient_loss | -0.00073      |
|    value_loss           | 37            |
-------------------------------------------
-------------------------------------------
| time/                   |               |
|    fps                  | 383           |
|    iterations           | 43            |
|    time_elapsed         | 459           |
|    total_timesteps      | 176128        |
| train/                  |               |
|    approx_kl            | 0.00086144486 |
|    clip_fraction        | 0.00884       |
|    clip_range           | 0.2           |
|    entropy_loss         | -0.0601       |
|    explained_variance   | 0.786         |
|    learning_rate        | 0.0003        |
|    loss                 | 18.1          |
|    n_updates            | 910           |
|    policy_gradient_loss | -0.00194      |
|    value_loss           | 39.9          |
-------------------------------------------
-------------------------------------------
| time/                   |               |
|    fps                  | 384           |
|    iterations           | 44            |
|    time_elapsed         | 469           |
|    total_timesteps      | 180224        |
| train/                  |               |
|    approx_kl            | 0.00094243867 |
|    clip_fraction        | 0.0125        |
|    clip_range           | 0.2           |
|    entropy_loss         | -0.117        |
|    explained_variance   | 0.969         |
|    learning_rate        | 0.0003        |
|    loss                 | 13.5          |
|    n_updates            | 920           |
|    policy_gradient_loss | -0.00123      |
|    value_loss           | 43.1          |
-------------------------------------------
-------------------------------------------
| time/                   |               |
|    fps                  | 383           |
|    iterations           | 45            |
|    time_elapsed         | 480           |
|    total_timesteps      | 184320        |
| train/                  |               |
|    approx_kl            | 0.00052211585 |
|    clip_fraction        | 0.00615       |
|    clip_range           | 0.2           |
|    entropy_loss         | -0.0927       |
|    explained_variance   | 0.95          |
|    learning_rate        | 0.0003        |
|    loss                 | 17.4          |
|    n_updates            | 930           |
|    policy_gradient_loss | -0.0007       |
|    value_loss           | 48.6          |
-------------------------------------------
------------------------------------------
| time/                   |              |
|    fps                  | 384          |
|    iterations           | 46           |
|    time_elapsed         | 489          |
|    total_timesteps      | 188416       |
| train/                  |              |
|    approx_kl            | 0.0006404981 |
|    clip_fraction        | 0.00332      |
|    clip_range           | 0.2          |
|    entropy_loss         | -0.0698      |
|    explained_variance   | 0.917        |
|    learning_rate        | 0.0003       |
|    loss                 | 36.7         |
|    n_updates            | 940          |
|    policy_gradient_loss | -0.00128     |
|    value_loss           | 83.5         |
------------------------------------------
-------------------------------------------
| time/                   |               |
|    fps                  | 384           |
|    iterations           | 47            |
|    time_elapsed         | 500           |
|    total_timesteps      | 192512        |
| train/                  |               |
|    approx_kl            | 0.00059533864 |
|    clip_fraction        | 0.00518       |
|    clip_range           | 0.2           |
|    entropy_loss         | -0.0644       |
|    explained_variance   | 0.922         |
|    learning_rate        | 0.0003        |
|    loss                 | 9.49          |
|    n_updates            | 950           |
|    policy_gradient_loss | -0.00164      |
|    value_loss           | 35.6          |
-------------------------------------------
------------------------------------------
| time/                   |              |
|    fps                  | 384          |
|    iterations           | 48           |
|    time_elapsed         | 511          |
|    total_timesteps      | 196608       |
| train/                  |              |
|    approx_kl            | 0.0010795246 |
|    clip_fraction        | 0.00708      |
|    clip_range           | 0.2          |
|    entropy_loss         | -0.072       |
|    explained_variance   | 0.927        |
|    learning_rate        | 0.0003       |
|    loss                 | 24           |
|    n_updates            | 960          |
|    policy_gradient_loss | -0.00103     |
|    value_loss           | 43.9         |
------------------------------------------
------------------------------------------
| time/                   |              |
|    fps                  | 385          |
|    iterations           | 49           |
|    time_elapsed         | 520          |
|    total_timesteps      | 200704       |
| train/                  |              |
|    approx_kl            | 0.0010552005 |
|    clip_fraction        | 0.00825      |
|    clip_range           | 0.2          |
|    entropy_loss         | -0.0866      |
|    explained_variance   | 0.936        |
|    learning_rate        | 0.0003       |
|    loss                 | 20.1         |
|    n_updates            | 970          |
|    policy_gradient_loss | -0.00164     |
|    value_loss           | 57.8         |
------------------------------------------
-------------------------------------------
| time/                   |               |
|    fps                  | 385           |
|    iterations           | 50            |
|    time_elapsed         | 531           |
|    total_timesteps      | 204800        |
| train/                  |               |
|    approx_kl            | 0.00065856485 |
|    clip_fraction        | 0.0102        |
|    clip_range           | 0.2           |
|    entropy_loss         | -0.0848       |
|    explained_variance   | 0.947         |
|    learning_rate        | 0.0003        |
|    loss                 | 19.2          |
|    n_updates            | 980           |
|    policy_gradient_loss | -0.00139      |
|    value_loss           | 72.7          |
-------------------------------------------
------------------------------------------
| time/                   |              |
|    fps                  | 384          |
|    iterations           | 51           |
|    time_elapsed         | 542          |
|    total_timesteps      | 208896       |
| train/                  |              |
|    approx_kl            | 0.0012202505 |
|    clip_fraction        | 0.0126       |
|    clip_range           | 0.2          |
|    entropy_loss         | -0.118       |
|    explained_variance   | 0.952        |
|    learning_rate        | 0.0003       |
|    loss                 | 13.2         |
|    n_updates            | 990          |
|    policy_gradient_loss | -0.00134     |
|    value_loss           | 30.6         |
------------------------------------------
------------------------------------------
| time/                   |              |
|    fps                  | 384          |
|    iterations           | 52           |
|    time_elapsed         | 553          |
|    total_timesteps      | 212992       |
| train/                  |              |
|    approx_kl            | 0.0007066742 |
|    clip_fraction        | 0.00742      |
|    clip_range           | 0.2          |
|    entropy_loss         | -0.0965      |
|    explained_variance   | 0.942        |
|    learning_rate        | 0.0003       |
|    loss                 | 11           |
|    n_updates            | 1000         |
|    policy_gradient_loss | -0.00136     |
|    value_loss           | 35.9         |
------------------------------------------
------------------------------------------
| time/                   |              |
|    fps                  | 385          |
|    iterations           | 53           |
|    time_elapsed         | 563          |
|    total_timesteps      | 217088       |
| train/                  |              |
|    approx_kl            | 0.0011981042 |
|    clip_fraction        | 0.00825      |
|    clip_range           | 0.2          |
|    entropy_loss         | -0.114       |
|    explained_variance   | 0.922        |
|    learning_rate        | 0.0003       |
|    loss                 | 23.1         |
|    n_updates            | 1010         |
|    policy_gradient_loss | -0.00185     |
|    value_loss           | 65.8         |
------------------------------------------
------------------------------------------
| time/                   |              |
|    fps                  | 384          |
|    iterations           | 54           |
|    time_elapsed         | 574          |
|    total_timesteps      | 221184       |
| train/                  |              |
|    approx_kl            | 0.0010459684 |
|    clip_fraction        | 0.00598      |
|    clip_range           | 0.2          |
|    entropy_loss         | -0.0907      |
|    explained_variance   | 0.917        |
|    learning_rate        | 0.0003       |
|    loss                 | 14.2         |
|    n_updates            | 1020         |
|    policy_gradient_loss | -0.000981    |
|    value_loss           | 37.7         |
------------------------------------------
------------------------------------------
| time/                   |              |
|    fps                  | 385          |
|    iterations           | 55           |
|    time_elapsed         | 584          |
|    total_timesteps      | 225280       |
| train/                  |              |
|    approx_kl            | 0.0007496631 |
|    clip_fraction        | 0.00845      |
|    clip_range           | 0.2          |
|    entropy_loss         | -0.111       |
|    explained_variance   | 0.866        |
|    learning_rate        | 0.0003       |
|    loss                 | 18.2         |
|    n_updates            | 1030         |
|    policy_gradient_loss | -0.00157     |
|    value_loss           | 44.8         |
------------------------------------------
------------------------------------------
| time/                   |              |
|    fps                  | 385          |
|    iterations           | 56           |
|    time_elapsed         | 594          |
|    total_timesteps      | 229376       |
| train/                  |              |
|    approx_kl            | 0.0007702659 |
|    clip_fraction        | 0.00664      |
|    clip_range           | 0.2          |
|    entropy_loss         | -0.0708      |
|    explained_variance   | 0.906        |
|    learning_rate        | 0.0003       |
|    loss                 | 13.8         |
|    n_updates            | 1040         |
|    policy_gradient_loss | -0.00153     |
|    value_loss           | 46.7         |
------------------------------------------
------------------------------------------
| time/                   |              |
|    fps                  | 385          |
|    iterations           | 57           |
|    time_elapsed         | 605          |
|    total_timesteps      | 233472       |
| train/                  |              |
|    approx_kl            | 0.0013058396 |
|    clip_fraction        | 0.00857      |
|    clip_range           | 0.2          |
|    entropy_loss         | -0.0541      |
|    explained_variance   | 0.919        |
|    learning_rate        | 0.0003       |
|    loss                 | 7.28         |
|    n_updates            | 1050         |
|    policy_gradient_loss | -0.00101     |
|    value_loss           | 21.9         |
------------------------------------------
------------------------------------------
| time/                   |              |
|    fps                  | 385          |
|    iterations           | 58           |
|    time_elapsed         | 616          |
|    total_timesteps      | 237568       |
| train/                  |              |
|    approx_kl            | 0.0012222794 |
|    clip_fraction        | 0.00698      |
|    clip_range           | 0.2          |
|    entropy_loss         | -0.0593      |
|    explained_variance   | 0.925        |
|    learning_rate        | 0.0003       |
|    loss                 | 8.27         |
|    n_updates            | 1060         |
|    policy_gradient_loss | -0.00129     |
|    value_loss           | 15.9         |
------------------------------------------
-------------------------------------------
| time/                   |               |
|    fps                  | 384           |
|    iterations           | 59            |
|    time_elapsed         | 627           |
|    total_timesteps      | 241664        |
| train/                  |               |
|    approx_kl            | 0.00085851597 |
|    clip_fraction        | 0.0133        |
|    clip_range           | 0.2           |
|    entropy_loss         | -0.0917       |
|    explained_variance   | 0.932         |
|    learning_rate        | 0.0003        |
|    loss                 | 15.6          |
|    n_updates            | 1070          |
|    policy_gradient_loss | -0.00169      |
|    value_loss           | 34.6          |
-------------------------------------------
------------------------------------------
| time/                   |              |
|    fps                  | 383          |
|    iterations           | 60           |
|    time_elapsed         | 640          |
|    total_timesteps      | 245760       |
| train/                  |              |
|    approx_kl            | 0.0005922656 |
|    clip_fraction        | 0.00398      |
|    clip_range           | 0.2          |
|    entropy_loss         | -0.0833      |
|    explained_variance   | 0.876        |
|    learning_rate        | 0.0003       |
|    loss                 | 20.2         |
|    n_updates            | 1080         |
|    policy_gradient_loss | -0.000811    |
|    value_loss           | 39.6         |
------------------------------------------
------------------------------------------
| time/                   |              |
|    fps                  | 383          |
|    iterations           | 61           |
|    time_elapsed         | 651          |
|    total_timesteps      | 249856       |
| train/                  |              |
|    approx_kl            | 0.0012553358 |
|    clip_fraction        | 0.0103       |
|    clip_range           | 0.2          |
|    entropy_loss         | -0.0896      |
|    explained_variance   | 0.941        |
|    learning_rate        | 0.0003       |
|    loss                 | 42.7         |
|    n_updates            | 1090         |
|    policy_gradient_loss | -0.00123     |
|    value_loss           | 54.9         |
------------------------------------------
------------------------------------------
| time/                   |              |
|    fps                  | 383          |
|    iterations           | 62           |
|    time_elapsed         | 661          |
|    total_timesteps      | 253952       |
| train/                  |              |
|    approx_kl            | 0.0027944148 |
|    clip_fraction        | 0.014        |
|    clip_range           | 0.2          |
|    entropy_loss         | -0.116       |
|    explained_variance   | 0.945        |
|    learning_rate        | 0.0003       |
|    loss                 | 21.3         |
|    n_updates            | 1100         |
|    policy_gradient_loss | -0.00238     |
|    value_loss           | 59           |
------------------------------------------
------------------------------------------
| time/                   |              |
|    fps                  | 382          |
|    iterations           | 63           |
|    time_elapsed         | 674          |
|    total_timesteps      | 258048       |
| train/                  |              |
|    approx_kl            | 0.0016366815 |
|    clip_fraction        | 0.0186       |
|    clip_range           | 0.2          |
|    entropy_loss         | -0.105       |
|    explained_variance   | 0.934        |
|    learning_rate        | 0.0003       |
|    loss                 | 11.3         |
|    n_updates            | 1110         |
|    policy_gradient_loss | -0.00223     |
|    value_loss           | 33.3         |
------------------------------------------
------------------------------------------
| time/                   |              |
|    fps                  | 382          |
|    iterations           | 64           |
|    time_elapsed         | 685          |
|    total_timesteps      | 262144       |
| train/                  |              |
|    approx_kl            | 0.0015678586 |
|    clip_fraction        | 0.00833      |
|    clip_range           | 0.2          |
|    entropy_loss         | -0.076       |
|    explained_variance   | 0.927        |
|    learning_rate        | 0.0003       |
|    loss                 | 10.2         |
|    n_updates            | 1120         |
|    policy_gradient_loss | -0.00152     |
|    value_loss           | 30.8         |
------------------------------------------
-----------------------------------------
| time/                   |             |
|    fps                  | 381         |
|    iterations           | 65          |
|    time_elapsed         | 697         |
|    total_timesteps      | 266240      |
| train/                  |             |
|    approx_kl            | 0.001314082 |
|    clip_fraction        | 0.0125      |
|    clip_range           | 0.2         |
|    entropy_loss         | -0.134      |
|    explained_variance   | 0.946       |
|    learning_rate        | 0.0003      |
|    loss                 | 11.3        |
|    n_updates            | 1130        |
|    policy_gradient_loss | -0.00208    |
|    value_loss           | 29.5        |
-----------------------------------------
------------------------------------------
| time/                   |              |
|    fps                  | 381          |
|    iterations           | 66           |
|    time_elapsed         | 709          |
|    total_timesteps      | 270336       |
| train/                  |              |
|    approx_kl            | 0.0010620058 |
|    clip_fraction        | 0.0095       |
|    clip_range           | 0.2          |
|    entropy_loss         | -0.124       |
|    explained_variance   | 0.935        |
|    learning_rate        | 0.0003       |
|    loss                 | 10.4         |
|    n_updates            | 1140         |
|    policy_gradient_loss | -0.00177     |
|    value_loss           | 35.1         |
------------------------------------------
------------------------------------------
| time/                   |              |
|    fps                  | 381          |
|    iterations           | 67           |
|    time_elapsed         | 720          |
|    total_timesteps      | 274432       |
| train/                  |              |
|    approx_kl            | 0.0016280089 |
|    clip_fraction        | 0.0123       |
|    clip_range           | 0.2          |
|    entropy_loss         | -0.11        |
|    explained_variance   | 0.959        |
|    learning_rate        | 0.0003       |
|    loss                 | 11.6         |
|    n_updates            | 1150         |
|    policy_gradient_loss | -0.00324     |
|    value_loss           | 33.2         |
------------------------------------------
------------------------------------------
| time/                   |              |
|    fps                  | 381          |
|    iterations           | 68           |
|    time_elapsed         | 730          |
|    total_timesteps      | 278528       |
| train/                  |              |
|    approx_kl            | 0.0005324208 |
|    clip_fraction        | 0.0102       |
|    clip_range           | 0.2          |
|    entropy_loss         | -0.106       |
|    explained_variance   | 0.955        |
|    learning_rate        | 0.0003       |
|    loss                 | 16.1         |
|    n_updates            | 1160         |
|    policy_gradient_loss | -0.000903    |
|    value_loss           | 41.4         |
------------------------------------------
------------------------------------------
| time/                   |              |
|    fps                  | 381          |
|    iterations           | 69           |
|    time_elapsed         | 741          |
|    total_timesteps      | 282624       |
| train/                  |              |
|    approx_kl            | 0.0013067995 |
|    clip_fraction        | 0.00898      |
|    clip_range           | 0.2          |
|    entropy_loss         | -0.0549      |
|    explained_variance   | 0.739        |
|    learning_rate        | 0.0003       |
|    loss                 | 6.9          |
|    n_updates            | 1170         |
|    policy_gradient_loss | -0.00191     |
|    value_loss           | 25.2         |
------------------------------------------
------------------------------------------
| time/                   |              |
|    fps                  | 381          |
|    iterations           | 70           |
|    time_elapsed         | 751          |
|    total_timesteps      | 286720       |
| train/                  |              |
|    approx_kl            | 0.0012340643 |
|    clip_fraction        | 0.0113       |
|    clip_range           | 0.2          |
|    entropy_loss         | -0.123       |
|    explained_variance   | 0.961        |
|    learning_rate        | 0.0003       |
|    loss                 | 21.4         |
|    n_updates            | 1180         |
|    policy_gradient_loss | -0.00164     |
|    value_loss           | 55.4         |
------------------------------------------
------------------------------------------
| time/                   |              |
|    fps                  | 381          |
|    iterations           | 71           |
|    time_elapsed         | 761          |
|    total_timesteps      | 290816       |
| train/                  |              |
|    approx_kl            | 0.0013466545 |
|    clip_fraction        | 0.0102       |
|    clip_range           | 0.2          |
|    entropy_loss         | -0.0891      |
|    explained_variance   | 0.94         |
|    learning_rate        | 0.0003       |
|    loss                 | 13.7         |
|    n_updates            | 1190         |
|    policy_gradient_loss | -0.0023      |
|    value_loss           | 46.7         |
------------------------------------------
------------------------------------------
| time/                   |              |
|    fps                  | 381          |
|    iterations           | 72           |
|    time_elapsed         | 773          |
|    total_timesteps      | 294912       |
| train/                  |              |
|    approx_kl            | 0.0011000932 |
|    clip_fraction        | 0.00918      |
|    clip_range           | 0.2          |
|    entropy_loss         | -0.0703      |
|    explained_variance   | 0.929        |
|    learning_rate        | 0.0003       |
|    loss                 | 17.3         |
|    n_updates            | 1200         |
|    policy_gradient_loss | -0.00152     |
|    value_loss           | 37.5         |
------------------------------------------
-----------------------------------------
| time/                   |             |
|    fps                  | 380         |
|    iterations           | 73          |
|    time_elapsed         | 784         |
|    total_timesteps      | 299008      |
| train/                  |             |
|    approx_kl            | 0.001404407 |
|    clip_fraction        | 0.0138      |
|    clip_range           | 0.2         |
|    entropy_loss         | -0.0767     |
|    explained_variance   | 0.906       |
|    learning_rate        | 0.0003      |
|    loss                 | 11.1        |
|    n_updates            | 1210        |
|    policy_gradient_loss | -0.00162    |
|    value_loss           | 28.4        |
-----------------------------------------
------------------------------------------
| time/                   |              |
|    fps                  | 380          |
|    iterations           | 74           |
|    time_elapsed         | 795          |
|    total_timesteps      | 303104       |
| train/                  |              |
|    approx_kl            | 0.0013831144 |
|    clip_fraction        | 0.01         |
|    clip_range           | 0.2          |
|    entropy_loss         | -0.0813      |
|    explained_variance   | 0.918        |
|    learning_rate        | 0.0003       |
|    loss                 | 12.1         |
|    n_updates            | 1220         |
|    policy_gradient_loss | -0.00133     |
|    value_loss           | 33.1         |
------------------------------------------
saved -> /home/abhinav/Dock/backend/runs/ppo_c2/model.zip
warm-start from runs/ppo_c2/model.zip
Logging to /home/abhinav/Dock/backend/runs/ppo_c3/MaskablePPO_1
-----------------------------
| time/              |      |
|    fps             | 355  |
|    iterations      | 1    |
|    time_elapsed    | 11   |
|    total_timesteps | 4096 |
-----------------------------
------------------------------------------
| time/                   |              |
|    fps                  | 374          |
|    iterations           | 2            |
|    time_elapsed         | 21           |
|    total_timesteps      | 8192         |
| train/                  |              |
|    approx_kl            | 0.0014003746 |
|    clip_fraction        | 0.0124       |
|    clip_range           | 0.2          |
|    entropy_loss         | -0.141       |
|    explained_variance   | 0.913        |
|    learning_rate        | 0.0003       |
|    loss                 | 29.4         |
|    n_updates            | 1240         |
|    policy_gradient_loss | -0.00168     |
|    value_loss           | 81.6         |
------------------------------------------
------------------------------------------
| time/                   |              |
|    fps                  | 360          |
|    iterations           | 3            |
|    time_elapsed         | 34           |
|    total_timesteps      | 12288        |
| train/                  |              |
|    approx_kl            | 0.0065446533 |
|    clip_fraction        | 0.0197       |
|    clip_range           | 0.2          |
|    entropy_loss         | -0.0791      |
|    explained_variance   | 0.945        |
|    learning_rate        | 0.0003       |
|    loss                 | 9.38         |
|    n_updates            | 1250         |
|    policy_gradient_loss | -0.00529     |
|    value_loss           | 29.7         |
------------------------------------------
------------------------------------------
| time/                   |              |
|    fps                  | 368          |
|    iterations           | 4            |
|    time_elapsed         | 44           |
|    total_timesteps      | 16384        |
| train/                  |              |
|    approx_kl            | 0.0013050213 |
|    clip_fraction        | 0.0133       |
|    clip_range           | 0.2          |
|    entropy_loss         | -0.145       |
|    explained_variance   | 0.894        |
|    learning_rate        | 0.0003       |
|    loss                 | 27.1         |
|    n_updates            | 1260         |
|    policy_gradient_loss | -0.00168     |
|    value_loss           | 67.4         |
------------------------------------------
------------------------------------------
| time/                   |              |
|    fps                  | 375          |
|    iterations           | 5            |
|    time_elapsed         | 54           |
|    total_timesteps      | 20480        |
| train/                  |              |
|    approx_kl            | 0.0028474748 |
|    clip_fraction        | 0.0135       |
|    clip_range           | 0.2          |
|    entropy_loss         | -0.0629      |
|    explained_variance   | 0.92         |
|    learning_rate        | 0.0003       |
|    loss                 | 7.03         |
|    n_updates            | 1270         |
|    policy_gradient_loss | -0.00216     |
|    value_loss           | 24           |
------------------------------------------
------------------------------------------
| time/                   |              |
|    fps                  | 380          |
|    iterations           | 6            |
|    time_elapsed         | 64           |
|    total_timesteps      | 24576        |
| train/                  |              |
|    approx_kl            | 0.0031309684 |
|    clip_fraction        | 0.022        |
|    clip_range           | 0.2          |
|    entropy_loss         | -0.117       |
|    explained_variance   | 0.844        |
|    learning_rate        | 0.0003       |
|    loss                 | 15.7         |
|    n_updates            | 1280         |
|    policy_gradient_loss | -0.00303     |
|    value_loss           | 41.2         |
------------------------------------------
------------------------------------------
| time/                   |              |
|    fps                  | 379          |
|    iterations           | 7            |
|    time_elapsed         | 75           |
|    total_timesteps      | 28672        |
| train/                  |              |
|    approx_kl            | 0.0006875818 |
|    clip_fraction        | 0.00479      |
|    clip_range           | 0.2          |
|    entropy_loss         | -0.0446      |
|    explained_variance   | 0.838        |
|    learning_rate        | 0.0003       |
|    loss                 | 8.45         |
|    n_updates            | 1290         |
|    policy_gradient_loss | -0.00118     |
|    value_loss           | 35.9         |
------------------------------------------
------------------------------------------
| time/                   |              |
|    fps                  | 379          |
|    iterations           | 8            |
|    time_elapsed         | 86           |
|    total_timesteps      | 32768        |
| train/                  |              |
|    approx_kl            | 0.0010846115 |
|    clip_fraction        | 0.00715      |
|    clip_range           | 0.2          |
|    entropy_loss         | -0.0562      |
|    explained_variance   | 0.494        |
|    learning_rate        | 0.0003       |
|    loss                 | 15.1         |
|    n_updates            | 1300         |
|    policy_gradient_loss | -0.002       |
|    value_loss           | 38.3         |
------------------------------------------
------------------------------------------
| time/                   |              |
|    fps                  | 368          |
|    iterations           | 9            |
|    time_elapsed         | 100          |
|    total_timesteps      | 36864        |
| train/                  |              |
|    approx_kl            | 0.0011282875 |
|    clip_fraction        | 0.0092       |
|    clip_range           | 0.2          |
|    entropy_loss         | -0.0997      |
|    explained_variance   | 0.894        |
|    learning_rate        | 0.0003       |
|    loss                 | 15.9         |
|    n_updates            | 1310         |
|    policy_gradient_loss | -0.00172     |
|    value_loss           | 42           |
------------------------------------------
------------------------------------------
| time/                   |              |
|    fps                  | 363          |
|    iterations           | 10           |
|    time_elapsed         | 112          |
|    total_timesteps      | 40960        |
| train/                  |              |
|    approx_kl            | 0.0017479311 |
|    clip_fraction        | 0.0117       |
|    clip_range           | 0.2          |
|    entropy_loss         | -0.0907      |
|    explained_variance   | 0.852        |
|    learning_rate        | 0.0003       |
|    loss                 | 11.3         |
|    n_updates            | 1320         |
|    policy_gradient_loss | -0.00198     |
|    value_loss           | 30           |
------------------------------------------
------------------------------------------
| time/                   |              |
|    fps                  | 359          |
|    iterations           | 11           |
|    time_elapsed         | 125          |
|    total_timesteps      | 45056        |
| train/                  |              |
|    approx_kl            | 0.0015477585 |
|    clip_fraction        | 0.0175       |
|    clip_range           | 0.2          |
|    entropy_loss         | -0.0903      |
|    explained_variance   | 0.838        |
|    learning_rate        | 0.0003       |
|    loss                 | 15.3         |
|    n_updates            | 1330         |
|    policy_gradient_loss | -0.00301     |
|    value_loss           | 49.1         |
------------------------------------------
------------------------------------------
| time/                   |              |
|    fps                  | 359          |
|    iterations           | 12           |
|    time_elapsed         | 136          |
|    total_timesteps      | 49152        |
| train/                  |              |
|    approx_kl            | 0.0010057031 |
|    clip_fraction        | 0.0105       |
|    clip_range           | 0.2          |
|    entropy_loss         | -0.0779      |
|    explained_variance   | 0.719        |
|    learning_rate        | 0.0003       |
|    loss                 | 27.3         |
|    n_updates            | 1340         |
|    policy_gradient_loss | -0.00202     |
|    value_loss           | 62.4         |
------------------------------------------
------------------------------------------
| time/                   |              |
|    fps                  | 358          |
|    iterations           | 13           |
|    time_elapsed         | 148          |
|    total_timesteps      | 53248        |
| train/                  |              |
|    approx_kl            | 0.0013204769 |
|    clip_fraction        | 0.00945      |
|    clip_range           | 0.2          |
|    entropy_loss         | -0.0892      |
|    explained_variance   | 0.865        |
|    learning_rate        | 0.0003       |
|    loss                 | 14.4         |
|    n_updates            | 1350         |
|    policy_gradient_loss | -0.00152     |
|    value_loss           | 50.8         |
------------------------------------------
------------------------------------------
| time/                   |              |
|    fps                  | 359          |
|    iterations           | 14           |
|    time_elapsed         | 159          |
|    total_timesteps      | 57344        |
| train/                  |              |
|    approx_kl            | 0.0006402981 |
|    clip_fraction        | 0.00449      |
|    clip_range           | 0.2          |
|    entropy_loss         | -0.105       |
|    explained_variance   | 0.774        |
|    learning_rate        | 0.0003       |
|    loss                 | 34.4         |
|    n_updates            | 1360         |
|    policy_gradient_loss | -0.00112     |
|    value_loss           | 72.8         |
------------------------------------------
------------------------------------------
| time/                   |              |
|    fps                  | 359          |
|    iterations           | 15           |
|    time_elapsed         | 171          |
|    total_timesteps      | 61440        |
| train/                  |              |
|    approx_kl            | 0.0014871355 |
|    clip_fraction        | 0.00776      |
|    clip_range           | 0.2          |
|    entropy_loss         | -0.0585      |
|    explained_variance   | 0.893        |
|    learning_rate        | 0.0003       |
|    loss                 | 14.3         |
|    n_updates            | 1370         |
|    policy_gradient_loss | -0.00178     |
|    value_loss           | 27.7         |
------------------------------------------
------------------------------------------
| time/                   |              |
|    fps                  | 359          |
|    iterations           | 16           |
|    time_elapsed         | 182          |
|    total_timesteps      | 65536        |
| train/                  |              |
|    approx_kl            | 0.0019271784 |
|    clip_fraction        | 0.00989      |
|    clip_range           | 0.2          |
|    entropy_loss         | -0.05        |
|    explained_variance   | 0.915        |
|    learning_rate        | 0.0003       |
|    loss                 | 11.5         |
|    n_updates            | 1380         |
|    policy_gradient_loss | -0.00115     |
|    value_loss           | 27.4         |
------------------------------------------
------------------------------------------
| time/                   |              |
|    fps                  | 361          |
|    iterations           | 17           |
|    time_elapsed         | 192          |
|    total_timesteps      | 69632        |
| train/                  |              |
|    approx_kl            | 0.0006664628 |
|    clip_fraction        | 0.00747      |
|    clip_range           | 0.2          |
|    entropy_loss         | -0.0485      |
|    explained_variance   | 0.916        |
|    learning_rate        | 0.0003       |
|    loss                 | 15.7         |
|    n_updates            | 1390         |
|    policy_gradient_loss | -0.00222     |
|    value_loss           | 48.8         |
------------------------------------------
-------------------------------------------
| time/                   |               |
|    fps                  | 358           |
|    iterations           | 18            |
|    time_elapsed         | 205           |
|    total_timesteps      | 73728         |
| train/                  |               |
|    approx_kl            | 0.00031478758 |
|    clip_fraction        | 0.00317       |
|    clip_range           | 0.2           |
|    entropy_loss         | -0.0349       |
|    explained_variance   | 0.887         |
|    learning_rate        | 0.0003        |
|    loss                 | 13.2          |
|    n_updates            | 1400          |
|    policy_gradient_loss | -0.00112      |
|    value_loss           | 30.5          |
-------------------------------------------
------------------------------------------
| time/                   |              |
|    fps                  | 359          |
|    iterations           | 19           |
|    time_elapsed         | 216          |
|    total_timesteps      | 77824        |
| train/                  |              |
|    approx_kl            | 0.0011894774 |
|    clip_fraction        | 0.00737      |
|    clip_range           | 0.2          |
|    entropy_loss         | -0.0648      |
|    explained_variance   | 0.9          |
|    learning_rate        | 0.0003       |
|    loss                 | 18.4         |
|    n_updates            | 1410         |
|    policy_gradient_loss | -0.00167     |
|    value_loss           | 42.3         |
------------------------------------------
------------------------------------------
| time/                   |              |
|    fps                  | 361          |
|    iterations           | 20           |
|    time_elapsed         | 226          |
|    total_timesteps      | 81920        |
| train/                  |              |
|    approx_kl            | 0.0010037022 |
|    clip_fraction        | 0.00889      |
|    clip_range           | 0.2          |
|    entropy_loss         | -0.0717      |
|    explained_variance   | 0.93         |
|    learning_rate        | 0.0003       |
|    loss                 | 12.8         |
|    n_updates            | 1420         |
|    policy_gradient_loss | -0.0016      |
|    value_loss           | 35           |
------------------------------------------
-----------------------------------------
| time/                   |             |
|    fps                  | 361         |
|    iterations           | 21          |
|    time_elapsed         | 238         |
|    total_timesteps      | 86016       |
| train/                  |             |
|    approx_kl            | 0.006411983 |
|    clip_fraction        | 0.0114      |
|    clip_range           | 0.2         |
|    entropy_loss         | -0.0572     |
|    explained_variance   | 0.871       |
|    learning_rate        | 0.0003      |
|    loss                 | 6.58        |
|    n_updates            | 1430        |
|    policy_gradient_loss | -0.00258    |
|    value_loss           | 24.8        |
-----------------------------------------
------------------------------------------
| time/                   |              |
|    fps                  | 362          |
|    iterations           | 22           |
|    time_elapsed         | 248          |
|    total_timesteps      | 90112        |
| train/                  |              |
|    approx_kl            | 0.0018542237 |
|    clip_fraction        | 0.0156       |
|    clip_range           | 0.2          |
|    entropy_loss         | -0.102       |
|    explained_variance   | 0.924        |
|    learning_rate        | 0.0003       |
|    loss                 | 10.4         |
|    n_updates            | 1440         |
|    policy_gradient_loss | -0.00189     |
|    value_loss           | 37.1         |
------------------------------------------
------------------------------------------
| time/                   |              |
|    fps                  | 361          |
|    iterations           | 23           |
|    time_elapsed         | 260          |
|    total_timesteps      | 94208        |
| train/                  |              |
|    approx_kl            | 0.0006725809 |
|    clip_fraction        | 0.00823      |
|    clip_range           | 0.2          |
|    entropy_loss         | -0.0638      |
|    explained_variance   | 0.898        |
|    learning_rate        | 0.0003       |
|    loss                 | 11.6         |
|    n_updates            | 1450         |
|    policy_gradient_loss | -0.000843    |
|    value_loss           | 24.3         |
------------------------------------------
-------------------------------------------
| time/                   |               |
|    fps                  | 359           |
|    iterations           | 24            |
|    time_elapsed         | 273           |
|    total_timesteps      | 98304         |
| train/                  |               |
|    approx_kl            | 0.00068281585 |
|    clip_fraction        | 0.00876       |
|    clip_range           | 0.2           |
|    entropy_loss         | -0.106        |
|    explained_variance   | 0.887         |
|    learning_rate        | 0.0003        |
|    loss                 | 13.6          |
|    n_updates            | 1460          |
|    policy_gradient_loss | -0.000901     |
|    value_loss           | 37.3          |
-------------------------------------------
------------------------------------------
| time/                   |              |
|    fps                  | 359          |
|    iterations           | 25           |
|    time_elapsed         | 284          |
|    total_timesteps      | 102400       |
| train/                  |              |
|    approx_kl            | 0.0009314585 |
|    clip_fraction        | 0.00984      |
|    clip_range           | 0.2          |
|    entropy_loss         | -0.103       |
|    explained_variance   | 0.86         |
|    learning_rate        | 0.0003       |
|    loss                 | 15.9         |
|    n_updates            | 1470         |
|    policy_gradient_loss | -0.00179     |
|    value_loss           | 33.1         |
------------------------------------------
------------------------------------------
| time/                   |              |
|    fps                  | 360          |
|    iterations           | 26           |
|    time_elapsed         | 295          |
|    total_timesteps      | 106496       |
| train/                  |              |
|    approx_kl            | 0.0011254506 |
|    clip_fraction        | 0.016        |
|    clip_range           | 0.2          |
|    entropy_loss         | -0.105       |
|    explained_variance   | 0.731        |
|    learning_rate        | 0.0003       |
|    loss                 | 20.8         |
|    n_updates            | 1480         |
|    policy_gradient_loss | -0.00154     |
|    value_loss           | 54.5         |
------------------------------------------
------------------------------------------
| time/                   |              |
|    fps                  | 361          |
|    iterations           | 27           |
|    time_elapsed         | 305          |
|    total_timesteps      | 110592       |
| train/                  |              |
|    approx_kl            | 0.0006697326 |
|    clip_fraction        | 0.00571      |
|    clip_range           | 0.2          |
|    entropy_loss         | -0.0544      |
|    explained_variance   | 0.862        |
|    learning_rate        | 0.0003       |
|    loss                 | 23.9         |
|    n_updates            | 1490         |
|    policy_gradient_loss | -0.00109     |
|    value_loss           | 45.9         |
------------------------------------------
------------------------------------------
| time/                   |              |
|    fps                  | 361          |
|    iterations           | 28           |
|    time_elapsed         | 317          |
|    total_timesteps      | 114688       |
| train/                  |              |
|    approx_kl            | 0.0028994775 |
|    clip_fraction        | 0.0141       |
|    clip_range           | 0.2          |
|    entropy_loss         | -0.0572      |
|    explained_variance   | 0.922        |
|    learning_rate        | 0.0003       |
|    loss                 | 6.87         |
|    n_updates            | 1500         |
|    policy_gradient_loss | -0.00219     |
|    value_loss           | 20.8         |
------------------------------------------
-------------------------------------------
| time/                   |               |
|    fps                  | 359           |
|    iterations           | 29            |
|    time_elapsed         | 329           |
|    total_timesteps      | 118784        |
| train/                  |               |
|    approx_kl            | 0.00089162664 |
|    clip_fraction        | 0.00715       |
|    clip_range           | 0.2           |
|    entropy_loss         | -0.0779       |
|    explained_variance   | 0.773         |
|    learning_rate        | 0.0003        |
|    loss                 | 14.9          |
|    n_updates            | 1510          |
|    policy_gradient_loss | -0.00197      |
|    value_loss           | 54.5          |
-------------------------------------------
------------------------------------------
| time/                   |              |
|    fps                  | 360          |
|    iterations           | 30           |
|    time_elapsed         | 341          |
|    total_timesteps      | 122880       |
| train/                  |              |
|    approx_kl            | 0.0012831185 |
|    clip_fraction        | 0.0082       |
|    clip_range           | 0.2          |
|    entropy_loss         | -0.0655      |
|    explained_variance   | 0.84         |
|    learning_rate        | 0.0003       |
|    loss                 | 20.4         |
|    n_updates            | 1520         |
|    policy_gradient_loss | -0.00153     |
|    value_loss           | 45.1         |
------------------------------------------
-------------------------------------------
| time/                   |               |
|    fps                  | 359           |
|    iterations           | 31            |
|    time_elapsed         | 353           |
|    total_timesteps      | 126976        |
| train/                  |               |
|    approx_kl            | 0.00038384215 |
|    clip_fraction        | 0.00396       |
|    clip_range           | 0.2           |
|    entropy_loss         | -0.0427       |
|    explained_variance   | 0.843         |
|    learning_rate        | 0.0003        |
|    loss                 | 9.38          |
|    n_updates            | 1530          |
|    policy_gradient_loss | -0.00115      |
|    value_loss           | 38.5          |
-------------------------------------------
------------------------------------------
| time/                   |              |
|    fps                  | 359          |
|    iterations           | 32           |
|    time_elapsed         | 364          |
|    total_timesteps      | 131072       |
| train/                  |              |
|    approx_kl            | 0.0007890411 |
|    clip_fraction        | 0.00864      |
|    clip_range           | 0.2          |
|    entropy_loss         | -0.115       |
|    explained_variance   | 0.944        |
|    learning_rate        | 0.0003       |
|    loss                 | 9.13         |
|    n_updates            | 1540         |
|    policy_gradient_loss | -0.00167     |
|    value_loss           | 29.5         |
------------------------------------------
------------------------------------------
| time/                   |              |
|    fps                  | 359          |
|    iterations           | 33           |
|    time_elapsed         | 375          |
|    total_timesteps      | 135168       |
| train/                  |              |
|    approx_kl            | 0.0013999988 |
|    clip_fraction        | 0.0144       |
|    clip_range           | 0.2          |
|    entropy_loss         | -0.0883      |
|    explained_variance   | 0.851        |
|    learning_rate        | 0.0003       |
|    loss                 | 9.17         |
|    n_updates            | 1550         |
|    policy_gradient_loss | -0.00299     |
|    value_loss           | 24.6         |
------------------------------------------
------------------------------------------
| time/                   |              |
|    fps                  | 360          |
|    iterations           | 34           |
|    time_elapsed         | 386          |
|    total_timesteps      | 139264       |
| train/                  |              |
|    approx_kl            | 0.0006453288 |
|    clip_fraction        | 0.00823      |
|    clip_range           | 0.2          |
|    entropy_loss         | -0.101       |
|    explained_variance   | 0.878        |
|    learning_rate        | 0.0003       |
|    loss                 | 15.9         |
|    n_updates            | 1560         |
|    policy_gradient_loss | -0.00168     |
|    value_loss           | 48.9         |
------------------------------------------
-----------------------------------------
| time/                   |             |
|    fps                  | 359         |
|    iterations           | 35          |
|    time_elapsed         | 398         |
|    total_timesteps      | 143360      |
| train/                  |             |
|    approx_kl            | 0.003283712 |
|    clip_fraction        | 0.0154      |
|    clip_range           | 0.2         |
|    entropy_loss         | -0.0709     |
|    explained_variance   | 0.865       |
|    learning_rate        | 0.0003      |
|    loss                 | 10.1        |
|    n_updates            | 1570        |
|    policy_gradient_loss | -0.00257    |
|    value_loss           | 26.5        |
-----------------------------------------
-------------------------------------------
| time/                   |               |
|    fps                  | 358           |
|    iterations           | 36            |
|    time_elapsed         | 411           |
|    total_timesteps      | 147456        |
| train/                  |               |
|    approx_kl            | 0.00080283335 |
|    clip_fraction        | 0.00935       |
|    clip_range           | 0.2           |
|    entropy_loss         | -0.0997       |
|    explained_variance   | 0.805         |
|    learning_rate        | 0.0003        |
|    loss                 | 15.7          |
|    n_updates            | 1580          |
|    policy_gradient_loss | -0.000782     |
|    value_loss           | 49.1          |
-------------------------------------------
-------------------------------------------
| time/                   |               |
|    fps                  | 357           |
|    iterations           | 37            |
|    time_elapsed         | 423           |
|    total_timesteps      | 151552        |
| train/                  |               |
|    approx_kl            | 0.00069851987 |
|    clip_fraction        | 0.00496       |
|    clip_range           | 0.2           |
|    entropy_loss         | -0.0566       |
|    explained_variance   | 0.846         |
|    learning_rate        | 0.0003        |
|    loss                 | 11            |
|    n_updates            | 1590          |
|    policy_gradient_loss | -0.000881     |
|    value_loss           | 35.1          |
-------------------------------------------
-------------------------------------------
| time/                   |               |
|    fps                  | 357           |
|    iterations           | 38            |
|    time_elapsed         | 435           |
|    total_timesteps      | 155648        |
| train/                  |               |
|    approx_kl            | 0.00083434617 |
|    clip_fraction        | 0.00713       |
|    clip_range           | 0.2           |
|    entropy_loss         | -0.0898       |
|    explained_variance   | 0.847         |
|    learning_rate        | 0.0003        |
|    loss                 | 10.9          |
|    n_updates            | 1600          |
|    policy_gradient_loss | -0.00158      |
|    value_loss           | 53.3          |
-------------------------------------------
-------------------------------------------
| time/                   |               |
|    fps                  | 356           |
|    iterations           | 39            |
|    time_elapsed         | 448           |
|    total_timesteps      | 159744        |
| train/                  |               |
|    approx_kl            | 0.00078775117 |
|    clip_fraction        | 0.0101        |
|    clip_range           | 0.2           |
|    entropy_loss         | -0.0743       |
|    explained_variance   | 0.755         |
|    learning_rate        | 0.0003        |
|    loss                 | 18.8          |
|    n_updates            | 1610          |
|    policy_gradient_loss | -0.00156      |
|    value_loss           | 35.1          |
-------------------------------------------
------------------------------------------
| time/                   |              |
|    fps                  | 356          |
|    iterations           | 40           |
|    time_elapsed         | 459          |
|    total_timesteps      | 163840       |
| train/                  |              |
|    approx_kl            | 0.0010780885 |
|    clip_fraction        | 0.0132       |
|    clip_range           | 0.2          |
|    entropy_loss         | -0.104       |
|    explained_variance   | 0.887        |
|    learning_rate        | 0.0003       |
|    loss                 | 17.5         |
|    n_updates            | 1620         |
|    policy_gradient_loss | -0.00246     |
|    value_loss           | 57.8         |
------------------------------------------
------------------------------------------
| time/                   |              |
|    fps                  | 355          |
|    iterations           | 41           |
|    time_elapsed         | 472          |
|    total_timesteps      | 167936       |
| train/                  |              |
|    approx_kl            | 0.0037243867 |
|    clip_fraction        | 0.0187       |
|    clip_range           | 0.2          |
|    entropy_loss         | -0.0766      |
|    explained_variance   | 0.83         |
|    learning_rate        | 0.0003       |
|    loss                 | 9.54         |
|    n_updates            | 1630         |
|    policy_gradient_loss | -0.00406     |
|    value_loss           | 32.3         |
------------------------------------------
------------------------------------------
| time/                   |              |
|    fps                  | 355          |
|    iterations           | 42           |
|    time_elapsed         | 483          |
|    total_timesteps      | 172032       |
| train/                  |              |
|    approx_kl            | 0.0013724056 |
|    clip_fraction        | 0.00935      |
|    clip_range           | 0.2          |
|    entropy_loss         | -0.113       |
|    explained_variance   | 0.871        |
|    learning_rate        | 0.0003       |
|    loss                 | 7.64         |
|    n_updates            | 1640         |
|    policy_gradient_loss | -0.00164     |
|    value_loss           | 26.4         |
------------------------------------------
------------------------------------------
| time/                   |              |
|    fps                  | 354          |
|    iterations           | 43           |
|    time_elapsed         | 496          |
|    total_timesteps      | 176128       |
| train/                  |              |
|    approx_kl            | 0.0015308966 |
|    clip_fraction        | 0.0173       |
|    clip_range           | 0.2          |
|    entropy_loss         | -0.0687      |
|    explained_variance   | 0.689        |
|    learning_rate        | 0.0003       |
|    loss                 | 11.1         |
|    n_updates            | 1650         |
|    policy_gradient_loss | -0.00289     |
|    value_loss           | 31.1         |
------------------------------------------
-----------------------------------------
| time/                   |             |
|    fps                  | 355         |
|    iterations           | 44          |
|    time_elapsed         | 506         |
|    total_timesteps      | 180224      |
| train/                  |             |
|    approx_kl            | 0.002692736 |
|    clip_fraction        | 0.0228      |
|    clip_range           | 0.2         |
|    entropy_loss         | -0.154      |
|    explained_variance   | 0.924       |
|    learning_rate        | 0.0003      |
|    loss                 | 11.3        |
|    n_updates            | 1660        |
|    policy_gradient_loss | -0.00212    |
|    value_loss           | 36.4        |
-----------------------------------------
------------------------------------------
| time/                   |              |
|    fps                  | 356          |
|    iterations           | 45           |
|    time_elapsed         | 517          |
|    total_timesteps      | 184320       |
| train/                  |              |
|    approx_kl            | 0.0011499323 |
|    clip_fraction        | 0.0122       |
|    clip_range           | 0.2          |
|    entropy_loss         | -0.0778      |
|    explained_variance   | 0.857        |
|    learning_rate        | 0.0003       |
|    loss                 | 12.2         |
|    n_updates            | 1670         |
|    policy_gradient_loss | -0.00177     |
|    value_loss           | 41.8         |
------------------------------------------
------------------------------------------
| time/                   |              |
|    fps                  | 355          |
|    iterations           | 46           |
|    time_elapsed         | 529          |
|    total_timesteps      | 188416       |
| train/                  |              |
|    approx_kl            | 0.0006903455 |
|    clip_fraction        | 0.0063       |
|    clip_range           | 0.2          |
|    entropy_loss         | -0.0657      |
|    explained_variance   | 0.783        |
|    learning_rate        | 0.0003       |
|    loss                 | 30.8         |
|    n_updates            | 1680         |
|    policy_gradient_loss | -0.0014      |
|    value_loss           | 74           |
------------------------------------------
------------------------------------------
| time/                   |              |
|    fps                  | 355          |
|    iterations           | 47           |
|    time_elapsed         | 541          |
|    total_timesteps      | 192512       |
| train/                  |              |
|    approx_kl            | 0.0014255682 |
|    clip_fraction        | 0.0104       |
|    clip_range           | 0.2          |
|    entropy_loss         | -0.0751      |
|    explained_variance   | 0.81         |
|    learning_rate        | 0.0003       |
|    loss                 | 6.18         |
|    n_updates            | 1690         |
|    policy_gradient_loss | -0.00149     |
|    value_loss           | 28.9         |
------------------------------------------
------------------------------------------
| time/                   |              |
|    fps                  | 356          |
|    iterations           | 48           |
|    time_elapsed         | 551          |
|    total_timesteps      | 196608       |
| train/                  |              |
|    approx_kl            | 0.0010037369 |
|    clip_fraction        | 0.00913      |
|    clip_range           | 0.2          |
|    entropy_loss         | -0.0755      |
|    explained_variance   | 0.837        |
|    learning_rate        | 0.0003       |
|    loss                 | 16.9         |
|    n_updates            | 1700         |
|    policy_gradient_loss | -0.00221     |
|    value_loss           | 34.1         |
------------------------------------------
-------------------------------------------
| time/                   |               |
|    fps                  | 356           |
|    iterations           | 49            |
|    time_elapsed         | 563           |
|    total_timesteps      | 200704        |
| train/                  |               |
|    approx_kl            | 0.00084490597 |
|    clip_fraction        | 0.00806       |
|    clip_range           | 0.2           |
|    entropy_loss         | -0.0841       |
|    explained_variance   | 0.886         |
|    learning_rate        | 0.0003        |
|    loss                 | 13.2          |
|    n_updates            | 1710          |
|    policy_gradient_loss | -0.00145      |
|    value_loss           | 42.5          |
-------------------------------------------
------------------------------------------
| time/                   |              |
|    fps                  | 355          |
|    iterations           | 50           |
|    time_elapsed         | 575          |
|    total_timesteps      | 204800       |
| train/                  |              |
|    approx_kl            | 0.0010978609 |
|    clip_fraction        | 0.0117       |
|    clip_range           | 0.2          |
|    entropy_loss         | -0.0905      |
|    explained_variance   | 0.873        |
|    learning_rate        | 0.0003       |
|    loss                 | 12.9         |
|    n_updates            | 1720         |
|    policy_gradient_loss | -0.00169     |
|    value_loss           | 49.1         |
------------------------------------------
------------------------------------------
| time/                   |              |
|    fps                  | 356          |
|    iterations           | 51           |
|    time_elapsed         | 586          |
|    total_timesteps      | 208896       |
| train/                  |              |
|    approx_kl            | 0.0016768436 |
|    clip_fraction        | 0.0132       |
|    clip_range           | 0.2          |
|    entropy_loss         | -0.0959      |
|    explained_variance   | 0.876        |
|    learning_rate        | 0.0003       |
|    loss                 | 8.36         |
|    n_updates            | 1730         |
|    policy_gradient_loss | -0.00191     |
|    value_loss           | 21.7         |
------------------------------------------
------------------------------------------
| time/                   |              |
|    fps                  | 355          |
|    iterations           | 52           |
|    time_elapsed         | 599          |
|    total_timesteps      | 212992       |
| train/                  |              |
|    approx_kl            | 0.0017064412 |
|    clip_fraction        | 0.0177       |
|    clip_range           | 0.2          |
|    entropy_loss         | -0.0991      |
|    explained_variance   | 0.873        |
|    learning_rate        | 0.0003       |
|    loss                 | 7.75         |
|    n_updates            | 1740         |
|    policy_gradient_loss | -0.00257     |
|    value_loss           | 26.3         |
------------------------------------------
-----------------------------------------
| time/                   |             |
|    fps                  | 355         |
|    iterations           | 53          |
|    time_elapsed         | 610         |
|    total_timesteps      | 217088      |
| train/                  |             |
|    approx_kl            | 0.001520122 |
|    clip_fraction        | 0.0154      |
|    clip_range           | 0.2         |
|    entropy_loss         | -0.0958     |
|    explained_variance   | 0.868       |
|    learning_rate        | 0.0003      |
|    loss                 | 14.2        |
|    n_updates            | 1750        |
|    policy_gradient_loss | -0.00283    |
|    value_loss           | 46.8        |
-----------------------------------------
-----------------------------------------
| time/                   |             |
|    fps                  | 355         |
|    iterations           | 54          |
|    time_elapsed         | 621         |
|    total_timesteps      | 221184      |
| train/                  |             |
|    approx_kl            | 0.004049808 |
|    clip_fraction        | 0.015       |
|    clip_range           | 0.2         |
|    entropy_loss         | -0.0875     |
|    explained_variance   | 0.847       |
|    learning_rate        | 0.0003      |
|    loss                 | 12.2        |
|    n_updates            | 1760        |
|    policy_gradient_loss | -0.00224    |
|    value_loss           | 32.8        |
-----------------------------------------
------------------------------------------
| time/                   |              |
|    fps                  | 355          |
|    iterations           | 55           |
|    time_elapsed         | 634          |
|    total_timesteps      | 225280       |
| train/                  |              |
|    approx_kl            | 0.0009755577 |
|    clip_fraction        | 0.00928      |
|    clip_range           | 0.2          |
|    entropy_loss         | -0.103       |
|    explained_variance   | 0.833        |
|    learning_rate        | 0.0003       |
|    loss                 | 13.4         |
|    n_updates            | 1770         |
|    policy_gradient_loss | -0.00183     |
|    value_loss           | 36.1         |
------------------------------------------
------------------------------------------
| time/                   |              |
|    fps                  | 355          |
|    iterations           | 56           |
|    time_elapsed         | 644          |
|    total_timesteps      | 229376       |
| train/                  |              |
|    approx_kl            | 0.0010870869 |
|    clip_fraction        | 0.0083       |
|    clip_range           | 0.2          |
|    entropy_loss         | -0.0645      |
|    explained_variance   | 0.837        |
|    learning_rate        | 0.0003       |
|    loss                 | 9.46         |
|    n_updates            | 1780         |
|    policy_gradient_loss | -0.00168     |
|    value_loss           | 32.7         |
------------------------------------------
-------------------------------------------
| time/                   |               |
|    fps                  | 355           |
|    iterations           | 57            |
|    time_elapsed         | 656           |
|    total_timesteps      | 233472        |
| train/                  |               |
|    approx_kl            | 0.00088290137 |
|    clip_fraction        | 0.00696       |
|    clip_range           | 0.2           |
|    entropy_loss         | -0.0381       |
|    explained_variance   | 0.777         |
|    learning_rate        | 0.0003        |
|    loss                 | 5.51          |
|    n_updates            | 1790          |
|    policy_gradient_loss | -0.00119      |
|    value_loss           | 16.2          |
-------------------------------------------
------------------------------------------
| time/                   |              |
|    fps                  | 355          |
|    iterations           | 58           |
|    time_elapsed         | 668          |
|    total_timesteps      | 237568       |
| train/                  |              |
|    approx_kl            | 0.0021707385 |
|    clip_fraction        | 0.0181       |
|    clip_range           | 0.2          |
|    entropy_loss         | -0.0868      |
|    explained_variance   | 0.758        |
|    learning_rate        | 0.0003       |
|    loss                 | 6.37         |
|    n_updates            | 1800         |
|    policy_gradient_loss | -0.00035     |
|    value_loss           | 14.9         |
------------------------------------------
------------------------------------------
| time/                   |              |
|    fps                  | 354          |
|    iterations           | 59           |
|    time_elapsed         | 681          |
|    total_timesteps      | 241664       |
| train/                  |              |
|    approx_kl            | 0.0014749962 |
|    clip_fraction        | 0.0208       |
|    clip_range           | 0.2          |
|    entropy_loss         | -0.104       |
|    explained_variance   | 0.84         |
|    learning_rate        | 0.0003       |
|    loss                 | 13.2         |
|    n_updates            | 1810         |
|    policy_gradient_loss | -0.00199     |
|    value_loss           | 29.8         |
------------------------------------------
------------------------------------------
| time/                   |              |
|    fps                  | 353          |
|    iterations           | 60           |
|    time_elapsed         | 694          |
|    total_timesteps      | 245760       |
| train/                  |              |
|    approx_kl            | 0.0010615707 |
|    clip_fraction        | 0.0111       |
|    clip_range           | 0.2          |
|    entropy_loss         | -0.0871      |
|    explained_variance   | 0.688        |
|    learning_rate        | 0.0003       |
|    loss                 | 19.2         |
|    n_updates            | 1820         |
|    policy_gradient_loss | -0.00275     |
|    value_loss           | 32.9         |
------------------------------------------
-------------------------------------------
| time/                   |               |
|    fps                  | 353           |
|    iterations           | 61            |
|    time_elapsed         | 706           |
|    total_timesteps      | 249856        |
| train/                  |               |
|    approx_kl            | 0.00082014076 |
|    clip_fraction        | 0.00791       |
|    clip_range           | 0.2           |
|    entropy_loss         | -0.0734       |
|    explained_variance   | 0.921         |
|    learning_rate        | 0.0003        |
|    loss                 | 30.5          |
|    n_updates            | 1830          |
|    policy_gradient_loss | -0.00151      |
|    value_loss           | 40.2          |
-------------------------------------------
------------------------------------------
| time/                   |              |
|    fps                  | 353          |
|    iterations           | 62           |
|    time_elapsed         | 717          |
|    total_timesteps      | 253952       |
| train/                  |              |
|    approx_kl            | 0.0010535882 |
|    clip_fraction        | 0.0132       |
|    clip_range           | 0.2          |
|    entropy_loss         | -0.0968      |
|    explained_variance   | 0.927        |
|    learning_rate        | 0.0003       |
|    loss                 | 12.8         |
|    n_updates            | 1840         |
|    policy_gradient_loss | -0.00174     |
|    value_loss           | 43.4         |
------------------------------------------
------------------------------------------
| time/                   |              |
|    fps                  | 353          |
|    iterations           | 63           |
|    time_elapsed         | 729          |
|    total_timesteps      | 258048       |
| train/                  |              |
|    approx_kl            | 0.0011806737 |
|    clip_fraction        | 0.0113       |
|    clip_range           | 0.2          |
|    entropy_loss         | -0.0809      |
|    explained_variance   | 0.908        |
|    learning_rate        | 0.0003       |
|    loss                 | 8.79         |
|    n_updates            | 1850         |
|    policy_gradient_loss | -0.00127     |
|    value_loss           | 31.1         |
------------------------------------------
------------------------------------------
| time/                   |              |
|    fps                  | 353          |
|    iterations           | 64           |
|    time_elapsed         | 741          |
|    total_timesteps      | 262144       |
| train/                  |              |
|    approx_kl            | 0.0008938046 |
|    clip_fraction        | 0.00552      |
|    clip_range           | 0.2          |
|    entropy_loss         | -0.0478      |
|    explained_variance   | 0.774        |
|    learning_rate        | 0.0003       |
|    loss                 | 9.33         |
|    n_updates            | 1860         |
|    policy_gradient_loss | -0.0019      |
|    value_loss           | 26.6         |
------------------------------------------
------------------------------------------
| time/                   |              |
|    fps                  | 353          |
|    iterations           | 65           |
|    time_elapsed         | 753          |
|    total_timesteps      | 266240       |
| train/                  |              |
|    approx_kl            | 0.0015737527 |
|    clip_fraction        | 0.0109       |
|    clip_range           | 0.2          |
|    entropy_loss         | -0.0809      |
|    explained_variance   | 0.926        |
|    learning_rate        | 0.0003       |
|    loss                 | 6.39         |
|    n_updates            | 1870         |
|    policy_gradient_loss | -0.00209     |
|    value_loss           | 21.4         |
------------------------------------------
------------------------------------------
| time/                   |              |
|    fps                  | 352          |
|    iterations           | 66           |
|    time_elapsed         | 766          |
|    total_timesteps      | 270336       |
| train/                  |              |
|    approx_kl            | 0.0010225538 |
|    clip_fraction        | 0.0114       |
|    clip_range           | 0.2          |
|    entropy_loss         | -0.0898      |
|    explained_variance   | 0.886        |
|    learning_rate        | 0.0003       |
|    loss                 | 7.81         |
|    n_updates            | 1880         |
|    policy_gradient_loss | -0.00218     |
|    value_loss           | 29.7         |
------------------------------------------
-----------------------------------------
| time/                   |             |
|    fps                  | 352         |
|    iterations           | 67          |
|    time_elapsed         | 778         |
|    total_timesteps      | 274432      |
| train/                  |             |
|    approx_kl            | 0.000898399 |
|    clip_fraction        | 0.0074      |
|    clip_range           | 0.2         |
|    entropy_loss         | -0.058      |
|    explained_variance   | 0.949       |
|    learning_rate        | 0.0003      |
|    loss                 | 8.7         |
|    n_updates            | 1890        |
|    policy_gradient_loss | -0.00132    |
|    value_loss           | 24.4        |
-----------------------------------------
------------------------------------------
| time/                   |              |
|    fps                  | 352          |
|    iterations           | 68           |
|    time_elapsed         | 789          |
|    total_timesteps      | 278528       |
| train/                  |              |
|    approx_kl            | 0.0011788527 |
|    clip_fraction        | 0.0105       |
|    clip_range           | 0.2          |
|    entropy_loss         | -0.0879      |
|    explained_variance   | 0.917        |
|    learning_rate        | 0.0003       |
|    loss                 | 11.5         |
|    n_updates            | 1900         |
|    policy_gradient_loss | -0.00178     |
|    value_loss           | 34.6         |
------------------------------------------
-------------------------------------------
| time/                   |               |
|    fps                  | 352           |
|    iterations           | 69            |
|    time_elapsed         | 801           |
|    total_timesteps      | 282624        |
| train/                  |               |
|    approx_kl            | 0.00038599476 |
|    clip_fraction        | 0.00576       |
|    clip_range           | 0.2           |
|    entropy_loss         | -0.0272       |
|    explained_variance   | 0.724         |
|    learning_rate        | 0.0003        |
|    loss                 | 4.61          |
|    n_updates            | 1910          |
|    policy_gradient_loss | -0.00185      |
|    value_loss           | 18.3          |
-------------------------------------------
------------------------------------------
| time/                   |              |
|    fps                  | 352          |
|    iterations           | 70           |
|    time_elapsed         | 813          |
|    total_timesteps      | 286720       |
| train/                  |              |
|    approx_kl            | 0.0015426094 |
|    clip_fraction        | 0.0138       |
|    clip_range           | 0.2          |
|    entropy_loss         | -0.122       |
|    explained_variance   | 0.933        |
|    learning_rate        | 0.0003       |
|    loss                 | 14.1         |
|    n_updates            | 1920         |
|    policy_gradient_loss | -0.00173     |
|    value_loss           | 43.1         |
------------------------------------------
------------------------------------------
| time/                   |              |
|    fps                  | 352          |
|    iterations           | 71           |
|    time_elapsed         | 825          |
|    total_timesteps      | 290816       |
| train/                  |              |
|    approx_kl            | 0.0018247357 |
|    clip_fraction        | 0.0148       |
|    clip_range           | 0.2          |
|    entropy_loss         | -0.0793      |
|    explained_variance   | 0.922        |
|    learning_rate        | 0.0003       |
|    loss                 | 12.1         |
|    n_updates            | 1930         |
|    policy_gradient_loss | -0.00244     |
|    value_loss           | 39.7         |
------------------------------------------
-------------------------------------------
| time/                   |               |
|    fps                  | 351           |
|    iterations           | 72            |
|    time_elapsed         | 838           |
|    total_timesteps      | 294912        |
| train/                  |               |
|    approx_kl            | 0.00089773367 |
|    clip_fraction        | 0.00825       |
|    clip_range           | 0.2           |
|    entropy_loss         | -0.0626       |
|    explained_variance   | 0.875         |
|    learning_rate        | 0.0003        |
|    loss                 | 13.1          |
|    n_updates            | 1940          |
|    policy_gradient_loss | -0.00127      |
|    value_loss           | 34.2          |
-------------------------------------------
-----------------------------------------
| time/                   |             |
|    fps                  | 351         |
|    iterations           | 73          |
|    time_elapsed         | 850         |
|    total_timesteps      | 299008      |
| train/                  |             |
|    approx_kl            | 0.001127925 |
|    clip_fraction        | 0.00906     |
|    clip_range           | 0.2         |
|    entropy_loss         | -0.0757     |
|    explained_variance   | 0.895       |
|    learning_rate        | 0.0003      |
|    loss                 | 9.57        |
|    n_updates            | 1950        |
|    policy_gradient_loss | -0.00187    |
|    value_loss           | 25          |
-----------------------------------------
------------------------------------------
| time/                   |              |
|    fps                  | 351          |
|    iterations           | 74           |
|    time_elapsed         | 863          |
|    total_timesteps      | 303104       |
| train/                  |              |
|    approx_kl            | 0.0009529952 |
|    clip_fraction        | 0.00964      |
|    clip_range           | 0.2          |
|    entropy_loss         | -0.0766      |
|    explained_variance   | 0.858        |
|    learning_rate        | 0.0003       |
|    loss                 | 10.8         |
|    n_updates            | 1960         |
|    policy_gradient_loss | -0.00144     |
|    value_loss           | 29.9         |
------------------------------------------
saved -> /home/abhinav/Dock/backend/runs/ppo_c3/model.zip
warm-start from runs/ppo_c3/model.zip
Logging to /home/abhinav/Dock/backend/runs/ppo_c4/MaskablePPO_1
-----------------------------
| time/              |      |
|    fps             | 90   |
|    iterations      | 1    |
|    time_elapsed    | 45   |
|    total_timesteps | 4096 |
-----------------------------
------------------------------------------
| time/                   |              |
|    fps                  | 95           |
|    iterations           | 2            |
|    time_elapsed         | 86           |
|    total_timesteps      | 8192         |
| train/                  |              |
|    approx_kl            | 0.0017957207 |
|    clip_fraction        | 0.0111       |
|    clip_range           | 0.2          |
|    entropy_loss         | -0.266       |
|    explained_variance   | 0.529        |
|    learning_rate        | 0.0003       |
|    loss                 | 84.1         |
|    n_updates            | 1980         |
|    policy_gradient_loss | -0.00125     |
|    value_loss           | 542          |
------------------------------------------
-------------------------------------------
| time/                   |               |
|    fps                  | 94            |
|    iterations           | 3             |
|    time_elapsed         | 129           |
|    total_timesteps      | 12288         |
| train/                  |               |
|    approx_kl            | 0.00049306254 |
|    clip_fraction        | 0.00396       |
|    clip_range           | 0.2           |
|    entropy_loss         | -0.102        |
|    explained_variance   | 0.393         |
|    learning_rate        | 0.0003        |
|    loss                 | 58.3          |
|    n_updates            | 1990          |
|    policy_gradient_loss | -0.000678     |
|    value_loss           | 424           |
-------------------------------------------
-------------------------------------------
| time/                   |               |
|    fps                  | 97            |
|    iterations           | 4             |
|    time_elapsed         | 168           |
|    total_timesteps      | 16384         |
| train/                  |               |
|    approx_kl            | 0.00017346692 |
|    clip_fraction        | 0.00159       |
|    clip_range           | 0.2           |
|    entropy_loss         | -0.0371       |
|    explained_variance   | 0.798         |
|    learning_rate        | 0.0003        |
|    loss                 | 53.2          |
|    n_updates            | 2000          |
|    policy_gradient_loss | -0.000375     |
|    value_loss           | 361           |
-------------------------------------------
-------------------------------------------
| time/                   |               |
|    fps                  | 100           |
|    iterations           | 5             |
|    time_elapsed         | 204           |
|    total_timesteps      | 20480         |
| train/                  |               |
|    approx_kl            | 0.00026306848 |
|    clip_fraction        | 0.00298       |
|    clip_range           | 0.2           |
|    entropy_loss         | -0.0351       |
|    explained_variance   | 0.741         |
|    learning_rate        | 0.0003        |
|    loss                 | 54            |
|    n_updates            | 2010          |
|    policy_gradient_loss | -0.000625     |
|    value_loss           | 261           |
-------------------------------------------
------------------------------------------
| time/                   |              |
|    fps                  | 102          |
|    iterations           | 6            |
|    time_elapsed         | 238          |
|    total_timesteps      | 24576        |
| train/                  |              |
|    approx_kl            | 0.0003109508 |
|    clip_fraction        | 0.00422      |
|    clip_range           | 0.2          |
|    entropy_loss         | -0.0358      |
|    explained_variance   | 0.752        |
|    learning_rate        | 0.0003       |
|    loss                 | 49.1         |
|    n_updates            | 2020         |
|    policy_gradient_loss | -0.000996    |
|    value_loss           | 224          |
------------------------------------------
-------------------------------------------
| time/                   |               |
|    fps                  | 105           |
|    iterations           | 7             |
|    time_elapsed         | 271           |
|    total_timesteps      | 28672         |
| train/                  |               |
|    approx_kl            | 0.00018802045 |
|    clip_fraction        | 0.00171       |
|    clip_range           | 0.2           |
|    entropy_loss         | -0.0269       |
|    explained_variance   | 0.752         |
|    learning_rate        | 0.0003        |
|    loss                 | 49.8          |
|    n_updates            | 2030          |
|    policy_gradient_loss | -0.00035      |
|    value_loss           | 157           |
-------------------------------------------
-------------------------------------------
| time/                   |               |
|    fps                  | 108           |
|    iterations           | 8             |
|    time_elapsed         | 300           |
|    total_timesteps      | 32768         |
| train/                  |               |
|    approx_kl            | 0.00013793167 |
|    clip_fraction        | 0.00225       |
|    clip_range           | 0.2           |
|    entropy_loss         | -0.0278       |
|    explained_variance   | 0.725         |
|    learning_rate        | 0.0003        |
|    loss                 | 47.4          |
|    n_updates            | 2040          |
|    policy_gradient_loss | -0.00063      |
|    value_loss           | 158           |
-------------------------------------------
-------------------------------------------
| time/                   |               |
|    fps                  | 112           |
|    iterations           | 9             |
|    time_elapsed         | 328           |
|    total_timesteps      | 36864         |
| train/                  |               |
|    approx_kl            | 0.00024036106 |
|    clip_fraction        | 0.00305       |
|    clip_range           | 0.2           |
|    entropy_loss         | -0.0299       |
|    explained_variance   | 0.621         |
|    learning_rate        | 0.0003        |
|    loss                 | 38.4          |
|    n_updates            | 2050          |
|    policy_gradient_loss | -0.000428     |
|    value_loss           | 99.7          |
-------------------------------------------
-------------------------------------------
| time/                   |               |
|    fps                  | 115           |
|    iterations           | 10            |
|    time_elapsed         | 353           |
|    total_timesteps      | 40960         |
| train/                  |               |
|    approx_kl            | 0.00021144595 |
|    clip_fraction        | 0.00254       |
|    clip_range           | 0.2           |
|    entropy_loss         | -0.03         |
|    explained_variance   | 0.496         |
|    learning_rate        | 0.0003        |
|    loss                 | 34.4          |
|    n_updates            | 2060          |
|    policy_gradient_loss | -0.000582     |
|    value_loss           | 101           |
-------------------------------------------
-------------------------------------------
| time/                   |               |
|    fps                  | 119           |
|    iterations           | 11            |
|    time_elapsed         | 376           |
|    total_timesteps      | 45056         |
| train/                  |               |
|    approx_kl            | 0.00011836911 |
|    clip_fraction        | 0.00151       |
|    clip_range           | 0.2           |
|    entropy_loss         | -0.0239       |
|    explained_variance   | 0.684         |
|    learning_rate        | 0.0003        |
|    loss                 | 39.2          |
|    n_updates            | 2070          |
|    policy_gradient_loss | -0.000333     |
|    value_loss           | 86.9          |
-------------------------------------------
-------------------------------------------
| time/                   |               |
|    fps                  | 123           |
|    iterations           | 12            |
|    time_elapsed         | 397           |
|    total_timesteps      | 49152         |
| train/                  |               |
|    approx_kl            | 0.00013901842 |
|    clip_fraction        | 0.001         |
|    clip_range           | 0.2           |
|    entropy_loss         | -0.0318       |
|    explained_variance   | 0.612         |
|    learning_rate        | 0.0003        |
|    loss                 | 25.9          |
|    n_updates            | 2080          |
|    policy_gradient_loss | -0.000283     |
|    value_loss           | 77.7          |
-------------------------------------------
------------------------------------------
| time/                   |              |
|    fps                  | 126          |
|    iterations           | 13           |
|    time_elapsed         | 419          |
|    total_timesteps      | 53248        |
| train/                  |              |
|    approx_kl            | 0.0001964461 |
|    clip_fraction        | 0.00178      |
|    clip_range           | 0.2          |
|    entropy_loss         | -0.0277      |
|    explained_variance   | 0.703        |
|    learning_rate        | 0.0003       |
|    loss                 | 33.9         |
|    n_updates            | 2090         |
|    policy_gradient_loss | -0.000315    |
|    value_loss           | 96.7         |
------------------------------------------
------------------------------------------
| time/                   |              |
|    fps                  | 130          |
|    iterations           | 14           |
|    time_elapsed         | 439          |
|    total_timesteps      | 57344        |
| train/                  |              |
|    approx_kl            | 0.0008194684 |
|    clip_fraction        | 0.00481      |
|    clip_range           | 0.2          |
|    entropy_loss         | -0.0409      |
|    explained_variance   | 0.777        |
|    learning_rate        | 0.0003       |
|    loss                 | 18.3         |
|    n_updates            | 2100         |
|    policy_gradient_loss | -0.000853    |
|    value_loss           | 65           |
------------------------------------------
-------------------------------------------
| time/                   |               |
|    fps                  | 133           |
|    iterations           | 15            |
|    time_elapsed         | 459           |
|    total_timesteps      | 61440         |
| train/                  |               |
|    approx_kl            | 0.00011884945 |
|    clip_fraction        | 0.000977      |
|    clip_range           | 0.2           |
|    entropy_loss         | -0.0346       |
|    explained_variance   | 0.664         |
|    learning_rate        | 0.0003        |
|    loss                 | 30.3          |
|    n_updates            | 2110          |
|    policy_gradient_loss | -0.000173     |
|    value_loss           | 89.5          |
-------------------------------------------
-------------------------------------------
| time/                   |               |
|    fps                  | 136           |
|    iterations           | 16            |
|    time_elapsed         | 479           |
|    total_timesteps      | 65536         |
| train/                  |               |
|    approx_kl            | 0.00037436892 |
|    clip_fraction        | 0.00403       |
|    clip_range           | 0.2           |
|    entropy_loss         | -0.0518       |
|    explained_variance   | 0.576         |
|    learning_rate        | 0.0003        |
|    loss                 | 44.1          |
|    n_updates            | 2120          |
|    policy_gradient_loss | -0.000474     |
|    value_loss           | 127           |
-------------------------------------------
-------------------------------------------
| time/                   |               |
|    fps                  | 138           |
|    iterations           | 17            |
|    time_elapsed         | 504           |
|    total_timesteps      | 69632         |
| train/                  |               |
|    approx_kl            | 0.00046290705 |
|    clip_fraction        | 0.00388       |
|    clip_range           | 0.2           |
|    entropy_loss         | -0.0457       |
|    explained_variance   | 0.664         |
|    learning_rate        | 0.0003        |
|    loss                 | 29.3          |
|    n_updates            | 2130          |
|    policy_gradient_loss | -0.00106      |
|    value_loss           | 127           |
-------------------------------------------
------------------------------------------
| time/                   |              |
|    fps                  | 136          |
|    iterations           | 18           |
|    time_elapsed         | 539          |
|    total_timesteps      | 73728        |
| train/                  |              |
|    approx_kl            | 0.0009903873 |
|    clip_fraction        | 0.00657      |
|    clip_range           | 0.2          |
|    entropy_loss         | -0.0993      |
|    explained_variance   | 0.771        |
|    learning_rate        | 0.0003       |
|    loss                 | 73.1         |
|    n_updates            | 2140         |
|    policy_gradient_loss | -0.0018      |
|    value_loss           | 191          |
------------------------------------------
------------------------------------------
| time/                   |              |
|    fps                  | 135          |
|    iterations           | 19           |
|    time_elapsed         | 576          |
|    total_timesteps      | 77824        |
| train/                  |              |
|    approx_kl            | 0.0017602199 |
|    clip_fraction        | 0.0118       |
|    clip_range           | 0.2          |
|    entropy_loss         | -0.15        |
|    explained_variance   | 0.827        |
|    learning_rate        | 0.0003       |
|    loss                 | 85.6         |
|    n_updates            | 2150         |
|    policy_gradient_loss | -0.00226     |
|    value_loss           | 328          |
------------------------------------------
------------------------------------------
| time/                   |              |
|    fps                  | 134          |
|    iterations           | 20           |
|    time_elapsed         | 610          |
|    total_timesteps      | 81920        |
| train/                  |              |
|    approx_kl            | 0.0007619077 |
|    clip_fraction        | 0.00801      |
|    clip_range           | 0.2          |
|    entropy_loss         | -0.117       |
|    explained_variance   | 0.84         |
|    learning_rate        | 0.0003       |
|    loss                 | 154          |
|    n_updates            | 2160         |
|    policy_gradient_loss | -0.00192     |
|    value_loss           | 484          |
------------------------------------------
-----------------------------------------
| time/                   |             |
|    fps                  | 133         |
|    iterations           | 21          |
|    time_elapsed         | 644         |
|    total_timesteps      | 86016       |
| train/                  |             |
|    approx_kl            | 0.002815227 |
|    clip_fraction        | 0.01        |
|    clip_range           | 0.2         |
|    entropy_loss         | -0.102      |
|    explained_variance   | 0.912       |
|    learning_rate        | 0.0003      |
|    loss                 | 77          |
|    n_updates            | 2170        |
|    policy_gradient_loss | -0.00249    |
|    value_loss           | 342         |
-----------------------------------------
-------------------------------------------
| time/                   |               |
|    fps                  | 133           |
|    iterations           | 22            |
|    time_elapsed         | 675           |
|    total_timesteps      | 90112         |
| train/                  |               |
|    approx_kl            | 0.00042740814 |
|    clip_fraction        | 0.00518       |
|    clip_range           | 0.2           |
|    entropy_loss         | -0.109        |
|    explained_variance   | 0.923         |
|    learning_rate        | 0.0003        |
|    loss                 | 85            |
|    n_updates            | 2180          |
|    policy_gradient_loss | -0.00102      |
|    value_loss           | 268           |
-------------------------------------------
------------------------------------------
| time/                   |              |
|    fps                  | 133          |
|    iterations           | 23           |
|    time_elapsed         | 703          |
|    total_timesteps      | 94208        |
| train/                  |              |
|    approx_kl            | 0.0003628585 |
|    clip_fraction        | 0.00427      |
|    clip_range           | 0.2          |
|    entropy_loss         | -0.0704      |
|    explained_variance   | 0.95         |
|    learning_rate        | 0.0003       |
|    loss                 | 51.2         |
|    n_updates            | 2190         |
|    policy_gradient_loss | -0.000973    |
|    value_loss           | 191          |
------------------------------------------
------------------------------------------
| time/                   |              |
|    fps                  | 133          |
|    iterations           | 24           |
|    time_elapsed         | 734          |
|    total_timesteps      | 98304        |
| train/                  |              |
|    approx_kl            | 0.0004520123 |
|    clip_fraction        | 0.00378      |
|    clip_range           | 0.2          |
|    entropy_loss         | -0.0595      |
|    explained_variance   | 0.956        |
|    learning_rate        | 0.0003       |
|    loss                 | 51.9         |
|    n_updates            | 2200         |
|    policy_gradient_loss | -0.000792    |
|    value_loss           | 148          |
------------------------------------------
-------------------------------------------
| time/                   |               |
|    fps                  | 134           |
|    iterations           | 25            |
|    time_elapsed         | 760           |
|    total_timesteps      | 102400        |
| train/                  |               |
|    approx_kl            | 0.00029124203 |
|    clip_fraction        | 0.00337       |
|    clip_range           | 0.2           |
|    entropy_loss         | -0.0626       |
|    explained_variance   | 0.964         |
|    learning_rate        | 0.0003        |
|    loss                 | 59.5          |
|    n_updates            | 2210          |
|    policy_gradient_loss | -0.000335     |
|    value_loss           | 122           |
-------------------------------------------
-------------------------------------------
| time/                   |               |
|    fps                  | 134           |
|    iterations           | 26            |
|    time_elapsed         | 789           |
|    total_timesteps      | 106496        |
| train/                  |               |
|    approx_kl            | 0.00046321595 |
|    clip_fraction        | 0.00291       |
|    clip_range           | 0.2           |
|    entropy_loss         | -0.0489       |
|    explained_variance   | 0.973         |
|    learning_rate        | 0.0003        |
|    loss                 | 29.4          |
|    n_updates            | 2220          |
|    policy_gradient_loss | -0.000782     |
|    value_loss           | 115           |
-------------------------------------------
-------------------------------------------
| time/                   |               |
|    fps                  | 135           |
|    iterations           | 27            |
|    time_elapsed         | 814           |
|    total_timesteps      | 110592        |
| train/                  |               |
|    approx_kl            | 0.00029514384 |
|    clip_fraction        | 0.00466       |
|    clip_range           | 0.2           |
|    entropy_loss         | -0.0622       |
|    explained_variance   | 0.98          |
|    learning_rate        | 0.0003        |
|    loss                 | 21.4          |
|    n_updates            | 2230          |
|    policy_gradient_loss | -0.000901     |
|    value_loss           | 81.7          |
-------------------------------------------
-------------------------------------------
| time/                   |               |
|    fps                  | 135           |
|    iterations           | 28            |
|    time_elapsed         | 844           |
|    total_timesteps      | 114688        |
| train/                  |               |
|    approx_kl            | 0.00038172278 |
|    clip_fraction        | 0.00381       |
|    clip_range           | 0.2           |
|    entropy_loss         | -0.0536       |
|    explained_variance   | 0.984         |
|    learning_rate        | 0.0003        |
|    loss                 | 43.6          |
|    n_updates            | 2240          |
|    policy_gradient_loss | -0.000499     |
|    value_loss           | 91.9          |
-------------------------------------------
------------------------------------------
| time/                   |              |
|    fps                  | 135          |
|    iterations           | 29           |
|    time_elapsed         | 874          |
|    total_timesteps      | 118784       |
| train/                  |              |
|    approx_kl            | 0.0010479763 |
|    clip_fraction        | 0.00955      |
|    clip_range           | 0.2          |
|    entropy_loss         | -0.109       |
|    explained_variance   | 0.982        |
|    learning_rate        | 0.0003       |
|    loss                 | 45.8         |
|    n_updates            | 2250         |
|    policy_gradient_loss | -0.00197     |
|    value_loss           | 104          |
------------------------------------------
------------------------------------------
| time/                   |              |
|    fps                  | 136          |
|    iterations           | 30           |
|    time_elapsed         | 901          |
|    total_timesteps      | 122880       |
| train/                  |              |
|    approx_kl            | 0.0012088142 |
|    clip_fraction        | 0.0101       |
|    clip_range           | 0.2          |
|    entropy_loss         | -0.109       |
|    explained_variance   | 0.987        |
|    learning_rate        | 0.0003       |
|    loss                 | 25.6         |
|    n_updates            | 2260         |
|    policy_gradient_loss | -0.0017      |
|    value_loss           | 65.5         |
------------------------------------------
-------------------------------------------
| time/                   |               |
|    fps                  | 137           |
|    iterations           | 31            |
|    time_elapsed         | 926           |
|    total_timesteps      | 126976        |
| train/                  |               |
|    approx_kl            | 0.00033876888 |
|    clip_fraction        | 0.00325       |
|    clip_range           | 0.2           |
|    entropy_loss         | -0.0553       |
|    explained_variance   | 0.984         |
|    learning_rate        | 0.0003        |
|    loss                 | 26            |
|    n_updates            | 2270          |
|    policy_gradient_loss | -0.000707     |
|    value_loss           | 80.3          |
-------------------------------------------
-------------------------------------------
| time/                   |               |
|    fps                  | 137           |
|    iterations           | 32            |
|    time_elapsed         | 950           |
|    total_timesteps      | 131072        |
| train/                  |               |
|    approx_kl            | 0.00038129883 |
|    clip_fraction        | 0.00479       |
|    clip_range           | 0.2           |
|    entropy_loss         | -0.0527       |
|    explained_variance   | 0.984         |
|    learning_rate        | 0.0003        |
|    loss                 | 14.4          |
|    n_updates            | 2280          |
|    policy_gradient_loss | -0.00115      |
|    value_loss           | 43.6          |
-------------------------------------------
-------------------------------------------
| time/                   |               |
|    fps                  | 139           |
|    iterations           | 33            |
|    time_elapsed         | 972           |
|    total_timesteps      | 135168        |
| train/                  |               |
|    approx_kl            | 0.00030720432 |
|    clip_fraction        | 0.00393       |
|    clip_range           | 0.2           |
|    entropy_loss         | -0.0494       |
|    explained_variance   | 0.979         |
|    learning_rate        | 0.0003        |
|    loss                 | 29.3          |
|    n_updates            | 2290          |
|    policy_gradient_loss | -0.000814     |
|    value_loss           | 64.1          |
-------------------------------------------
------------------------------------------
| time/                   |              |
|    fps                  | 139          |
|    iterations           | 34           |
|    time_elapsed         | 998          |
|    total_timesteps      | 139264       |
| train/                  |              |
|    approx_kl            | 0.0002935907 |
|    clip_fraction        | 0.00388      |
|    clip_range           | 0.2          |
|    entropy_loss         | -0.0405      |
|    explained_variance   | 0.972        |
|    learning_rate        | 0.0003       |
|    loss                 | 32.6         |
|    n_updates            | 2300         |
|    policy_gradient_loss | -0.000679    |
|    value_loss           | 86.8         |
------------------------------------------
------------------------------------------
| time/                   |              |
|    fps                  | 139          |
|    iterations           | 35           |
|    time_elapsed         | 1025         |
|    total_timesteps      | 143360       |
| train/                  |              |
|    approx_kl            | 0.0013760101 |
|    clip_fraction        | 0.00566      |
|    clip_range           | 0.2          |
|    entropy_loss         | -0.096       |
|    explained_variance   | 0.959        |
|    learning_rate        | 0.0003       |
|    loss                 | 28.1         |
|    n_updates            | 2310         |
|    policy_gradient_loss | -0.00152     |
|    value_loss           | 91.6         |
------------------------------------------
------------------------------------------
| time/                   |              |
|    fps                  | 140          |
|    iterations           | 36           |
|    time_elapsed         | 1050         |
|    total_timesteps      | 147456       |
| train/                  |              |
|    approx_kl            | 0.0006759097 |
|    clip_fraction        | 0.00417      |
|    clip_range           | 0.2          |
|    entropy_loss         | -0.0825      |
|    explained_variance   | 0.971        |
|    learning_rate        | 0.0003       |
|    loss                 | 41.7         |
|    n_updates            | 2320         |
|    policy_gradient_loss | -0.000933    |
|    value_loss           | 98.4         |
------------------------------------------
------------------------------------------
| time/                   |              |
|    fps                  | 141          |
|    iterations           | 37           |
|    time_elapsed         | 1072         |
|    total_timesteps      | 151552       |
| train/                  |              |
|    approx_kl            | 0.0006675666 |
|    clip_fraction        | 0.00835      |
|    clip_range           | 0.2          |
|    entropy_loss         | -0.0791      |
|    explained_variance   | 0.967        |
|    learning_rate        | 0.0003       |
|    loss                 | 37.8         |
|    n_updates            | 2330         |
|    policy_gradient_loss | -0.00181     |
|    value_loss           | 95           |
------------------------------------------
-------------------------------------------
| time/                   |               |
|    fps                  | 141           |
|    iterations           | 38            |
|    time_elapsed         | 1096          |
|    total_timesteps      | 155648        |
| train/                  |               |
|    approx_kl            | 0.00033054876 |
|    clip_fraction        | 0.00273       |
|    clip_range           | 0.2           |
|    entropy_loss         | -0.0586       |
|    explained_variance   | 0.979         |
|    learning_rate        | 0.0003        |
|    loss                 | 27.4          |
|    n_updates            | 2340          |
|    policy_gradient_loss | -0.000619     |
|    value_loss           | 70.8          |
-------------------------------------------
------------------------------------------
| time/                   |              |
|    fps                  | 141          |
|    iterations           | 39           |
|    time_elapsed         | 1125         |
|    total_timesteps      | 159744       |
| train/                  |              |
|    approx_kl            | 0.0005301093 |
|    clip_fraction        | 0.00483      |
|    clip_range           | 0.2          |
|    entropy_loss         | -0.0651      |
|    explained_variance   | 0.981        |
|    learning_rate        | 0.0003       |
|    loss                 | 27.2         |
|    n_updates            | 2350         |
|    policy_gradient_loss | -0.00153     |
|    value_loss           | 76.2         |
------------------------------------------
------------------------------------------
| time/                   |              |
|    fps                  | 141          |
|    iterations           | 40           |
|    time_elapsed         | 1155         |
|    total_timesteps      | 163840       |
| train/                  |              |
|    approx_kl            | 0.0006004906 |
|    clip_fraction        | 0.00708      |
|    clip_range           | 0.2          |
|    entropy_loss         | -0.1         |
|    explained_variance   | 0.989        |
|    learning_rate        | 0.0003       |
|    loss                 | 23.9         |
|    n_updates            | 2360         |
|    policy_gradient_loss | -0.00149     |
|    value_loss           | 58.9         |
------------------------------------------
------------------------------------------
| time/                   |              |
|    fps                  | 141          |
|    iterations           | 41           |
|    time_elapsed         | 1187         |
|    total_timesteps      | 167936       |
| train/                  |              |
|    approx_kl            | 0.0007875435 |
|    clip_fraction        | 0.00854      |
|    clip_range           | 0.2          |
|    entropy_loss         | -0.12        |
|    explained_variance   | 0.985        |
|    learning_rate        | 0.0003       |
|    loss                 | 35.8         |
|    n_updates            | 2370         |
|    policy_gradient_loss | -0.00191     |
|    value_loss           | 87.4         |
------------------------------------------
------------------------------------------
| time/                   |              |
|    fps                  | 141          |
|    iterations           | 42           |
|    time_elapsed         | 1214         |
|    total_timesteps      | 172032       |
| train/                  |              |
|    approx_kl            | 0.0014843601 |
|    clip_fraction        | 0.0139       |
|    clip_range           | 0.2          |
|    entropy_loss         | -0.0943      |
|    explained_variance   | 0.988        |
|    learning_rate        | 0.0003       |
|    loss                 | 23.2         |
|    n_updates            | 2380         |
|    policy_gradient_loss | -0.00227     |
|    value_loss           | 84.4         |
------------------------------------------
-------------------------------------------
| time/                   |               |
|    fps                  | 141           |
|    iterations           | 43            |
|    time_elapsed         | 1242          |
|    total_timesteps      | 176128        |
| train/                  |               |
|    approx_kl            | 0.00048584468 |
|    clip_fraction        | 0.00488       |
|    clip_range           | 0.2           |
|    entropy_loss         | -0.0681       |
|    explained_variance   | 0.992         |
|    learning_rate        | 0.0003        |
|    loss                 | 12.9          |
|    n_updates            | 2390          |
|    policy_gradient_loss | -0.00112      |
|    value_loss           | 38.4          |
-------------------------------------------
-------------------------------------------
| time/                   |               |
|    fps                  | 142           |
|    iterations           | 44            |
|    time_elapsed         | 1266          |
|    total_timesteps      | 180224        |
| train/                  |               |
|    approx_kl            | 0.00029485172 |
|    clip_fraction        | 0.00352       |
|    clip_range           | 0.2           |
|    entropy_loss         | -0.0679       |
|    explained_variance   | 0.993         |
|    learning_rate        | 0.0003        |
|    loss                 | 18.6          |
|    n_updates            | 2400          |
|    policy_gradient_loss | -0.000949     |
|    value_loss           | 44.5          |
-------------------------------------------
------------------------------------------
| time/                   |              |
|    fps                  | 142          |
|    iterations           | 45           |
|    time_elapsed         | 1289         |
|    total_timesteps      | 184320       |
| train/                  |              |
|    approx_kl            | 0.0003695579 |
|    clip_fraction        | 0.00405      |
|    clip_range           | 0.2          |
|    entropy_loss         | -0.0753      |
|    explained_variance   | 0.992        |
|    learning_rate        | 0.0003       |
|    loss                 | 27           |
|    n_updates            | 2410         |
|    policy_gradient_loss | -0.000632    |
|    value_loss           | 57.7         |
------------------------------------------
------------------------------------------
| time/                   |              |
|    fps                  | 143          |
|    iterations           | 46           |
|    time_elapsed         | 1314         |
|    total_timesteps      | 188416       |
| train/                  |              |
|    approx_kl            | 0.0010396813 |
|    clip_fraction        | 0.00493      |
|    clip_range           | 0.2          |
|    entropy_loss         | -0.0551      |
|    explained_variance   | 0.982        |
|    learning_rate        | 0.0003       |
|    loss                 | 26.9         |
|    n_updates            | 2420         |
|    policy_gradient_loss | -0.00142     |
|    value_loss           | 62.5         |
------------------------------------------
------------------------------------------
| time/                   |              |
|    fps                  | 143          |
|    iterations           | 47           |
|    time_elapsed         | 1342         |
|    total_timesteps      | 192512       |
| train/                  |              |
|    approx_kl            | 0.0013188974 |
|    clip_fraction        | 0.0112       |
|    clip_range           | 0.2          |
|    entropy_loss         | -0.104       |
|    explained_variance   | 0.982        |
|    learning_rate        | 0.0003       |
|    loss                 | 16.4         |
|    n_updates            | 2430         |
|    policy_gradient_loss | -0.00297     |
|    value_loss           | 55.8         |
------------------------------------------
------------------------------------------
| time/                   |              |
|    fps                  | 143          |
|    iterations           | 48           |
|    time_elapsed         | 1367         |
|    total_timesteps      | 196608       |
| train/                  |              |
|    approx_kl            | 0.0012858841 |
|    clip_fraction        | 0.0144       |
|    clip_range           | 0.2          |
|    entropy_loss         | -0.103       |
|    explained_variance   | 0.981        |
|    learning_rate        | 0.0003       |
|    loss                 | 34.1         |
|    n_updates            | 2440         |
|    policy_gradient_loss | -0.00189     |
|    value_loss           | 93.2         |
------------------------------------------
-----------------------------------------
| time/                   |             |
|    fps                  | 143         |
|    iterations           | 49          |
|    time_elapsed         | 1396        |
|    total_timesteps      | 200704      |
| train/                  |             |
|    approx_kl            | 0.000254383 |
|    clip_fraction        | 0.00278     |
|    clip_range           | 0.2         |
|    entropy_loss         | -0.0634     |
|    explained_variance   | 0.989       |
|    learning_rate        | 0.0003      |
|    loss                 | 23.9        |
|    n_updates            | 2450        |
|    policy_gradient_loss | -0.000774   |
|    value_loss           | 61.6        |
-----------------------------------------
------------------------------------------
| time/                   |              |
|    fps                  | 143          |
|    iterations           | 50           |
|    time_elapsed         | 1424         |
|    total_timesteps      | 204800       |
| train/                  |              |
|    approx_kl            | 0.0006969995 |
|    clip_fraction        | 0.00491      |
|    clip_range           | 0.2          |
|    entropy_loss         | -0.0508      |
|    explained_variance   | 0.989        |
|    learning_rate        | 0.0003       |
|    loss                 | 18.2         |
|    n_updates            | 2460         |
|    policy_gradient_loss | -0.00101     |
|    value_loss           | 42.7         |
------------------------------------------
-----------------------------------------
| time/                   |             |
|    fps                  | 143         |
|    iterations           | 51          |
|    time_elapsed         | 1450        |
|    total_timesteps      | 208896      |
| train/                  |             |
|    approx_kl            | 0.000312227 |
|    clip_fraction        | 0.00356     |
|    clip_range           | 0.2         |
|    entropy_loss         | -0.058      |
|    explained_variance   | 0.985       |
|    learning_rate        | 0.0003      |
|    loss                 | 27.5        |
|    n_updates            | 2470        |
|    policy_gradient_loss | -0.000966   |
|    value_loss           | 68.9        |
-----------------------------------------
-------------------------------------------
| time/                   |               |
|    fps                  | 144           |
|    iterations           | 52            |
|    time_elapsed         | 1476          |
|    total_timesteps      | 212992        |
| train/                  |               |
|    approx_kl            | 0.00047783845 |
|    clip_fraction        | 0.00591       |
|    clip_range           | 0.2           |
|    entropy_loss         | -0.0611       |
|    explained_variance   | 0.988         |
|    learning_rate        | 0.0003        |
|    loss                 | 19.9          |
|    n_updates            | 2480          |
|    policy_gradient_loss | -0.00123      |
|    value_loss           | 51.4          |
-------------------------------------------
------------------------------------------
| time/                   |              |
|    fps                  | 144          |
|    iterations           | 53           |
|    time_elapsed         | 1502         |
|    total_timesteps      | 217088       |
| train/                  |              |
|    approx_kl            | 0.0006988691 |
|    clip_fraction        | 0.00967      |
|    clip_range           | 0.2          |
|    entropy_loss         | -0.108       |
|    explained_variance   | 0.992        |
|    learning_rate        | 0.0003       |
|    loss                 | 18.2         |
|    n_updates            | 2490         |
|    policy_gradient_loss | -0.0011      |
|    value_loss           | 52.7         |
------------------------------------------
------------------------------------------
| time/                   |              |
|    fps                  | 144          |
|    iterations           | 54           |
|    time_elapsed         | 1528         |
|    total_timesteps      | 221184       |
| train/                  |              |
|    approx_kl            | 0.0003896302 |
|    clip_fraction        | 0.00422      |
|    clip_range           | 0.2          |
|    entropy_loss         | -0.0613      |
|    explained_variance   | 0.993        |
|    learning_rate        | 0.0003       |
|    loss                 | 20.1         |
|    n_updates            | 2500         |
|    policy_gradient_loss | -0.000796    |
|    value_loss           | 64.1         |
------------------------------------------
------------------------------------------
| time/                   |              |
|    fps                  | 144          |
|    iterations           | 55           |
|    time_elapsed         | 1560         |
|    total_timesteps      | 225280       |
| train/                  |              |
|    approx_kl            | 0.0016377617 |
|    clip_fraction        | 0.00999      |
|    clip_range           | 0.2          |
|    entropy_loss         | -0.0929      |
|    explained_variance   | 0.988        |
|    learning_rate        | 0.0003       |
|    loss                 | 32.8         |
|    n_updates            | 2510         |
|    policy_gradient_loss | -0.00154     |
|    value_loss           | 79.7         |
------------------------------------------
-----------------------------------------
| time/                   |             |
|    fps                  | 143         |
|    iterations           | 56          |
|    time_elapsed         | 1594        |
|    total_timesteps      | 229376      |
| train/                  |             |
|    approx_kl            | 0.001796595 |
|    clip_fraction        | 0.022       |
|    clip_range           | 0.2         |
|    entropy_loss         | -0.165      |
|    explained_variance   | 0.986       |
|    learning_rate        | 0.0003      |
|    loss                 | 26.2        |
|    n_updates            | 2520        |
|    policy_gradient_loss | -0.00405    |
|    value_loss           | 62.2        |
-----------------------------------------
-----------------------------------------
| time/                   |             |
|    fps                  | 143         |
|    iterations           | 57          |
|    time_elapsed         | 1632        |
|    total_timesteps      | 233472      |
| train/                  |             |
|    approx_kl            | 0.001851371 |
|    clip_fraction        | 0.016       |
|    clip_range           | 0.2         |
|    entropy_loss         | -0.138      |
|    explained_variance   | 0.972       |
|    learning_rate        | 0.0003      |
|    loss                 | 21.4        |
|    n_updates            | 2530        |
|    policy_gradient_loss | -0.00332    |
|    value_loss           | 64.1        |
-----------------------------------------
------------------------------------------
| time/                   |              |
|    fps                  | 142          |
|    iterations           | 58           |
|    time_elapsed         | 1663         |
|    total_timesteps      | 237568       |
| train/                  |              |
|    approx_kl            | 0.0010044775 |
|    clip_fraction        | 0.00708      |
|    clip_range           | 0.2          |
|    entropy_loss         | -0.142       |
|    explained_variance   | 0.926        |
|    learning_rate        | 0.0003       |
|    loss                 | 28.7         |
|    n_updates            | 2540         |
|    policy_gradient_loss | -0.00179     |
|    value_loss           | 94.4         |
------------------------------------------
-------------------------------------------
| time/                   |               |
|    fps                  | 142           |
|    iterations           | 59            |
|    time_elapsed         | 1694          |
|    total_timesteps      | 241664        |
| train/                  |               |
|    approx_kl            | 0.00097616727 |
|    clip_fraction        | 0.00977       |
|    clip_range           | 0.2           |
|    entropy_loss         | -0.0785       |
|    explained_variance   | 0.965         |
|    learning_rate        | 0.0003        |
|    loss                 | 22.2          |
|    n_updates            | 2550          |
|    policy_gradient_loss | -0.00174      |
|    value_loss           | 66            |
-------------------------------------------
-------------------------------------------
| time/                   |               |
|    fps                  | 142           |
|    iterations           | 60            |
|    time_elapsed         | 1723          |
|    total_timesteps      | 245760        |
| train/                  |               |
|    approx_kl            | 0.00030452746 |
|    clip_fraction        | 0.00542       |
|    clip_range           | 0.2           |
|    entropy_loss         | -0.058        |
|    explained_variance   | 0.978         |
|    learning_rate        | 0.0003        |
|    loss                 | 21.3          |
|    n_updates            | 2560          |
|    policy_gradient_loss | -0.000839     |
|    value_loss           | 51.6          |
-------------------------------------------
-------------------------------------------
| time/                   |               |
|    fps                  | 142           |
|    iterations           | 61            |
|    time_elapsed         | 1749          |
|    total_timesteps      | 249856        |
| train/                  |               |
|    approx_kl            | 0.00028169804 |
|    clip_fraction        | 0.00566       |
|    clip_range           | 0.2           |
|    entropy_loss         | -0.0914       |
|    explained_variance   | 0.973         |
|    learning_rate        | 0.0003        |
|    loss                 | 29.3          |
|    n_updates            | 2570          |
|    policy_gradient_loss | -0.000737     |
|    value_loss           | 82.8          |
-------------------------------------------
-------------------------------------------
| time/                   |               |
|    fps                  | 143           |
|    iterations           | 62            |
|    time_elapsed         | 1775          |
|    total_timesteps      | 253952        |
| train/                  |               |
|    approx_kl            | 0.00020995665 |
|    clip_fraction        | 0.00168       |
|    clip_range           | 0.2           |
|    entropy_loss         | -0.063        |
|    explained_variance   | 0.975         |
|    learning_rate        | 0.0003        |
|    loss                 | 15.1          |
|    n_updates            | 2580          |
|    policy_gradient_loss | -0.000451     |
|    value_loss           | 48.1          |
-------------------------------------------
-------------------------------------------
| time/                   |               |
|    fps                  | 143           |
|    iterations           | 63            |
|    time_elapsed         | 1798          |
|    total_timesteps      | 258048        |
| train/                  |               |
|    approx_kl            | 0.00022507645 |
|    clip_fraction        | 0.00212       |
|    clip_range           | 0.2           |
|    entropy_loss         | -0.049        |
|    explained_variance   | 0.972         |
|    learning_rate        | 0.0003        |
|    loss                 | 28.6          |
|    n_updates            | 2590          |
|    policy_gradient_loss | -0.000399     |
|    value_loss           | 83.6          |
-------------------------------------------
------------------------------------------
| time/                   |              |
|    fps                  | 144          |
|    iterations           | 64           |
|    time_elapsed         | 1820         |
|    total_timesteps      | 262144       |
| train/                  |              |
|    approx_kl            | 7.610567e-05 |
|    clip_fraction        | 0.00134      |
|    clip_range           | 0.2          |
|    entropy_loss         | -0.0336      |
|    explained_variance   | 0.982        |
|    learning_rate        | 0.0003       |
|    loss                 | 21.1         |
|    n_updates            | 2600         |
|    policy_gradient_loss | -0.000311    |
|    value_loss           | 44.4         |
------------------------------------------
-------------------------------------------
| time/                   |               |
|    fps                  | 144           |
|    iterations           | 65            |
|    time_elapsed         | 1841          |
|    total_timesteps      | 266240        |
| train/                  |               |
|    approx_kl            | 0.00041387568 |
|    clip_fraction        | 0.00503       |
|    clip_range           | 0.2           |
|    entropy_loss         | -0.0473       |
|    explained_variance   | 0.981         |
|    learning_rate        | 0.0003        |
|    loss                 | 20.5          |
|    n_updates            | 2610          |
|    policy_gradient_loss | -0.000758     |
|    value_loss           | 49            |
-------------------------------------------
-------------------------------------------
| time/                   |               |
|    fps                  | 145           |
|    iterations           | 66            |
|    time_elapsed         | 1861          |
|    total_timesteps      | 270336        |
| train/                  |               |
|    approx_kl            | 0.00039060754 |
|    clip_fraction        | 0.00459       |
|    clip_range           | 0.2           |
|    entropy_loss         | -0.0567       |
|    explained_variance   | 0.977         |
|    learning_rate        | 0.0003        |
|    loss                 | 15.1          |
|    n_updates            | 2620          |
|    policy_gradient_loss | -0.000809     |
|    value_loss           | 43.7          |
-------------------------------------------
-------------------------------------------
| time/                   |               |
|    fps                  | 145           |
|    iterations           | 67            |
|    time_elapsed         | 1882          |
|    total_timesteps      | 274432        |
| train/                  |               |
|    approx_kl            | 0.00019784785 |
|    clip_fraction        | 0.0032        |
|    clip_range           | 0.2           |
|    entropy_loss         | -0.0365       |
|    explained_variance   | 0.985         |
|    learning_rate        | 0.0003        |
|    loss                 | 12.2          |
|    n_updates            | 2630          |
|    policy_gradient_loss | -0.000604     |
|    value_loss           | 36.8          |
-------------------------------------------
-----------------------------------------
| time/                   |             |
|    fps                  | 146         |
|    iterations           | 68          |
|    time_elapsed         | 1905        |
|    total_timesteps      | 278528      |
| train/                  |             |
|    approx_kl            | 0.001098826 |
|    clip_fraction        | 0.012       |
|    clip_range           | 0.2         |
|    entropy_loss         | -0.0876     |
|    explained_variance   | 0.963       |
|    learning_rate        | 0.0003      |
|    loss                 | 12.9        |
|    n_updates            | 2640        |
|    policy_gradient_loss | -0.00163    |
|    value_loss           | 53.2        |
-----------------------------------------
------------------------------------------
| time/                   |              |
|    fps                  | 146          |
|    iterations           | 69           |
|    time_elapsed         | 1929         |
|    total_timesteps      | 282624       |
| train/                  |              |
|    approx_kl            | 0.0018230568 |
|    clip_fraction        | 0.014        |
|    clip_range           | 0.2          |
|    entropy_loss         | -0.0943      |
|    explained_variance   | 0.98         |
|    learning_rate        | 0.0003       |
|    loss                 | 26.1         |
|    n_updates            | 2650         |
|    policy_gradient_loss | -0.00297     |
|    value_loss           | 68.7         |
------------------------------------------
------------------------------------------
| time/                   |              |
|    fps                  | 146          |
|    iterations           | 70           |
|    time_elapsed         | 1951         |
|    total_timesteps      | 286720       |
| train/                  |              |
|    approx_kl            | 0.0005514823 |
|    clip_fraction        | 0.00737      |
|    clip_range           | 0.2          |
|    entropy_loss         | -0.0588      |
|    explained_variance   | 0.991        |
|    learning_rate        | 0.0003       |
|    loss                 | 21.5         |
|    n_updates            | 2660         |
|    policy_gradient_loss | -0.00196     |
|    value_loss           | 59.4         |
------------------------------------------
-------------------------------------------
| time/                   |               |
|    fps                  | 146           |
|    iterations           | 71            |
|    time_elapsed         | 1982          |
|    total_timesteps      | 290816        |
| train/                  |               |
|    approx_kl            | 0.00028630183 |
|    clip_fraction        | 0.00264       |
|    clip_range           | 0.2           |
|    entropy_loss         | -0.0469       |
|    explained_variance   | 0.982         |
|    learning_rate        | 0.0003        |
|    loss                 | 27.3          |
|    n_updates            | 2670          |
|    policy_gradient_loss | -0.000976     |
|    value_loss           | 88.1          |
-------------------------------------------
------------------------------------------
| time/                   |              |
|    fps                  | 146          |
|    iterations           | 72           |
|    time_elapsed         | 2011         |
|    total_timesteps      | 294912       |
| train/                  |              |
|    approx_kl            | 0.0028269966 |
|    clip_fraction        | 0.0163       |
|    clip_range           | 0.2          |
|    entropy_loss         | -0.154       |
|    explained_variance   | 0.991        |
|    learning_rate        | 0.0003       |
|    loss                 | 50           |
|    n_updates            | 2680         |
|    policy_gradient_loss | -0.00268     |
|    value_loss           | 77.9         |
------------------------------------------
------------------------------------------
| time/                   |              |
|    fps                  | 146          |
|    iterations           | 73           |
|    time_elapsed         | 2045         |
|    total_timesteps      | 299008       |
| train/                  |              |
|    approx_kl            | 0.0010268778 |
|    clip_fraction        | 0.00793      |
|    clip_range           | 0.2          |
|    entropy_loss         | -0.131       |
|    explained_variance   | 0.99         |
|    learning_rate        | 0.0003       |
|    loss                 | 32.6         |
|    n_updates            | 2690         |
|    policy_gradient_loss | -0.00197     |
|    value_loss           | 78           |
------------------------------------------
------------------------------------------
| time/                   |              |
|    fps                  | 145          |
|    iterations           | 74           |
|    time_elapsed         | 2081         |
|    total_timesteps      | 303104       |
| train/                  |              |
|    approx_kl            | 0.0023162973 |
|    clip_fraction        | 0.0157       |
|    clip_range           | 0.2          |
|    entropy_loss         | -0.244       |
|    explained_variance   | 0.989        |
|    learning_rate        | 0.0003       |
|    loss                 | 40.1         |
|    n_updates            | 2700         |
|    policy_gradient_loss | -0.00277     |
|    value_loss           | 98.4         |
------------------------------------------
-----------------------------------------
| time/                   |             |
|    fps                  | 144         |
|    iterations           | 75          |
|    time_elapsed         | 2118        |
|    total_timesteps      | 307200      |
| train/                  |             |
|    approx_kl            | 0.002004413 |
|    clip_fraction        | 0.0214      |
|    clip_range           | 0.2         |
|    entropy_loss         | -0.293      |
|    explained_variance   | 0.982       |
|    learning_rate        | 0.0003      |
|    loss                 | 55.2        |
|    n_updates            | 2710        |
|    policy_gradient_loss | -0.00251    |
|    value_loss           | 114         |
-----------------------------------------
------------------------------------------
| time/                   |              |
|    fps                  | 144          |
|    iterations           | 76           |
|    time_elapsed         | 2160         |
|    total_timesteps      | 311296       |
| train/                  |              |
|    approx_kl            | 0.0006358888 |
|    clip_fraction        | 0.00676      |
|    clip_range           | 0.2          |
|    entropy_loss         | -0.173       |
|    explained_variance   | 0.983        |
|    learning_rate        | 0.0003       |
|    loss                 | 27.1         |
|    n_updates            | 2720         |
|    policy_gradient_loss | -0.0015      |
|    value_loss           | 91.4         |
------------------------------------------
------------------------------------------
| time/                   |              |
|    fps                  | 143          |
|    iterations           | 77           |
|    time_elapsed         | 2193         |
|    total_timesteps      | 315392       |
| train/                  |              |
|    approx_kl            | 0.0014095854 |
|    clip_fraction        | 0.0181       |
|    clip_range           | 0.2          |
|    entropy_loss         | -0.223       |
|    explained_variance   | 0.912        |
|    learning_rate        | 0.0003       |
|    loss                 | 32.2         |
|    n_updates            | 2730         |
|    policy_gradient_loss | -0.00303     |
|    value_loss           | 71.9         |
------------------------------------------
-------------------------------------------
| time/                   |               |
|    fps                  | 143           |
|    iterations           | 78            |
|    time_elapsed         | 2227          |
|    total_timesteps      | 319488        |
| train/                  |               |
|    approx_kl            | 0.00037826976 |
|    clip_fraction        | 0.00327       |
|    clip_range           | 0.2           |
|    entropy_loss         | -0.129        |
|    explained_variance   | 0.952         |
|    learning_rate        | 0.0003        |
|    loss                 | 16.5          |
|    n_updates            | 2740          |
|    policy_gradient_loss | -0.00109      |
|    value_loss           | 52            |
-------------------------------------------
------------------------------------------
| time/                   |              |
|    fps                  | 143          |
|    iterations           | 79           |
|    time_elapsed         | 2256         |
|    total_timesteps      | 323584       |
| train/                  |              |
|    approx_kl            | 0.0006293956 |
|    clip_fraction        | 0.00732      |
|    clip_range           | 0.2          |
|    entropy_loss         | -0.126       |
|    explained_variance   | 0.963        |
|    learning_rate        | 0.0003       |
|    loss                 | 25.3         |
|    n_updates            | 2750         |
|    policy_gradient_loss | -0.00109     |
|    value_loss           | 63.6         |
------------------------------------------
-------------------------------------------
| time/                   |               |
|    fps                  | 143           |
|    iterations           | 80            |
|    time_elapsed         | 2283          |
|    total_timesteps      | 327680        |
| train/                  |               |
|    approx_kl            | 0.00029190056 |
|    clip_fraction        | 0.00273       |
|    clip_range           | 0.2           |
|    entropy_loss         | -0.0889       |
|    explained_variance   | 0.98          |
|    learning_rate        | 0.0003        |
|    loss                 | 17.7          |
|    n_updates            | 2760          |
|    policy_gradient_loss | -0.000775     |
|    value_loss           | 48.2          |
-------------------------------------------
------------------------------------------
| time/                   |              |
|    fps                  | 143          |
|    iterations           | 81           |
|    time_elapsed         | 2310         |
|    total_timesteps      | 331776       |
| train/                  |              |
|    approx_kl            | 0.0003862281 |
|    clip_fraction        | 0.00396      |
|    clip_range           | 0.2          |
|    entropy_loss         | -0.0691      |
|    explained_variance   | 0.964        |
|    learning_rate        | 0.0003       |
|    loss                 | 32.4         |
|    n_updates            | 2770         |
|    policy_gradient_loss | -0.000615    |
|    value_loss           | 65.5         |
------------------------------------------
-------------------------------------------
| time/                   |               |
|    fps                  | 143           |
|    iterations           | 82            |
|    time_elapsed         | 2334          |
|    total_timesteps      | 335872        |
| train/                  |               |
|    approx_kl            | 0.00037594914 |
|    clip_fraction        | 0.00391       |
|    clip_range           | 0.2           |
|    entropy_loss         | -0.0633       |
|    explained_variance   | 0.977         |
|    learning_rate        | 0.0003        |
|    loss                 | 13.3          |
|    n_updates            | 2780          |
|    policy_gradient_loss | -0.000491     |
|    value_loss           | 33.9          |
-------------------------------------------
-------------------------------------------
| time/                   |               |
|    fps                  | 144           |
|    iterations           | 83            |
|    time_elapsed         | 2356          |
|    total_timesteps      | 339968        |
| train/                  |               |
|    approx_kl            | 0.00011988272 |
|    clip_fraction        | 0.000586      |
|    clip_range           | 0.2           |
|    entropy_loss         | -0.0446       |
|    explained_variance   | 0.969         |
|    learning_rate        | 0.0003        |
|    loss                 | 17.9          |
|    n_updates            | 2790          |
|    policy_gradient_loss | -0.000135     |
|    value_loss           | 58.8          |
-------------------------------------------
-------------------------------------------
| time/                   |               |
|    fps                  | 144           |
|    iterations           | 84            |
|    time_elapsed         | 2377          |
|    total_timesteps      | 344064        |
| train/                  |               |
|    approx_kl            | 0.00020158144 |
|    clip_fraction        | 0.0012        |
|    clip_range           | 0.2           |
|    entropy_loss         | -0.0423       |
|    explained_variance   | 0.97          |
|    learning_rate        | 0.0003        |
|    loss                 | 16.6          |
|    n_updates            | 2800          |
|    policy_gradient_loss | -0.000161     |
|    value_loss           | 54.4          |
-------------------------------------------
-------------------------------------------
| time/                   |               |
|    fps                  | 145           |
|    iterations           | 85            |
|    time_elapsed         | 2399          |
|    total_timesteps      | 348160        |
| train/                  |               |
|    approx_kl            | 0.00016969032 |
|    clip_fraction        | 0.00186       |
|    clip_range           | 0.2           |
|    entropy_loss         | -0.0322       |
|    explained_variance   | 0.973         |
|    learning_rate        | 0.0003        |
|    loss                 | 14.2          |
|    n_updates            | 2810          |
|    policy_gradient_loss | -0.000372     |
|    value_loss           | 41.2          |
-------------------------------------------
------------------------------------------
| time/                   |              |
|    fps                  | 145          |
|    iterations           | 86           |
|    time_elapsed         | 2421         |
|    total_timesteps      | 352256       |
| train/                  |              |
|    approx_kl            | 0.0008229848 |
|    clip_fraction        | 0.00647      |
|    clip_range           | 0.2          |
|    entropy_loss         | -0.0839      |
|    explained_variance   | 0.983        |
|    learning_rate        | 0.0003       |
|    loss                 | 16           |
|    n_updates            | 2820         |
|    policy_gradient_loss | -0.00115     |
|    value_loss           | 46.7         |
------------------------------------------
------------------------------------------
| time/                   |              |
|    fps                  | 145          |
|    iterations           | 87           |
|    time_elapsed         | 2443         |
|    total_timesteps      | 356352       |
| train/                  |              |
|    approx_kl            | 0.0021482012 |
|    clip_fraction        | 0.0146       |
|    clip_range           | 0.2          |
|    entropy_loss         | -0.123       |
|    explained_variance   | 0.995        |
|    learning_rate        | 0.0003       |
|    loss                 | 13.1         |
|    n_updates            | 2830         |
|    policy_gradient_loss | -0.0027      |
|    value_loss           | 32.2         |
------------------------------------------
-------------------------------------------
| time/                   |               |
|    fps                  | 146           |
|    iterations           | 88            |
|    time_elapsed         | 2464          |
|    total_timesteps      | 360448        |
| train/                  |               |
|    approx_kl            | 0.00038069114 |
|    clip_fraction        | 0.00283       |
|    clip_range           | 0.2           |
|    entropy_loss         | -0.0504       |
|    explained_variance   | 0.996         |
|    learning_rate        | 0.0003        |
|    loss                 | 11.7          |
|    n_updates            | 2840          |
|    policy_gradient_loss | -0.00094      |
|    value_loss           | 27            |
-------------------------------------------
------------------------------------------
| time/                   |              |
|    fps                  | 146          |
|    iterations           | 89           |
|    time_elapsed         | 2489         |
|    total_timesteps      | 364544       |
| train/                  |              |
|    approx_kl            | 0.0004296725 |
|    clip_fraction        | 0.00403      |
|    clip_range           | 0.2          |
|    entropy_loss         | -0.0722      |
|    explained_variance   | 0.992        |
|    learning_rate        | 0.0003       |
|    loss                 | 18.8         |
|    n_updates            | 2850         |
|    policy_gradient_loss | -0.00132     |
|    value_loss           | 42           |
------------------------------------------
-----------------------------------------
| time/                   |             |
|    fps                  | 146         |
|    iterations           | 90          |
|    time_elapsed         | 2518        |
|    total_timesteps      | 368640      |
| train/                  |             |
|    approx_kl            | 0.002092753 |
|    clip_fraction        | 0.0185      |
|    clip_range           | 0.2         |
|    entropy_loss         | -0.156      |
|    explained_variance   | 0.99        |
|    learning_rate        | 0.0003      |
|    loss                 | 20.8        |
|    n_updates            | 2860        |
|    policy_gradient_loss | -0.00193    |
|    value_loss           | 57.7        |
-----------------------------------------
------------------------------------------
| time/                   |              |
|    fps                  | 146          |
|    iterations           | 91           |
|    time_elapsed         | 2547         |
|    total_timesteps      | 372736       |
| train/                  |              |
|    approx_kl            | 0.0024146182 |
|    clip_fraction        | 0.0101       |
|    clip_range           | 0.2          |
|    entropy_loss         | -0.165       |
|    explained_variance   | 0.981        |
|    learning_rate        | 0.0003       |
|    loss                 | 35.9         |
|    n_updates            | 2870         |
|    policy_gradient_loss | -0.00168     |
|    value_loss           | 87.6         |
------------------------------------------
------------------------------------------
| time/                   |              |
|    fps                  | 146          |
|    iterations           | 92           |
|    time_elapsed         | 2578         |
|    total_timesteps      | 376832       |
| train/                  |              |
|    approx_kl            | 0.0018768858 |
|    clip_fraction        | 0.0169       |
|    clip_range           | 0.2          |
|    entropy_loss         | -0.159       |
|    explained_variance   | 0.99         |
|    learning_rate        | 0.0003       |
|    loss                 | 29.4         |
|    n_updates            | 2880         |
|    policy_gradient_loss | -0.00253     |
|    value_loss           | 83.9         |
------------------------------------------
-----------------------------------------
| time/                   |             |
|    fps                  | 146         |
|    iterations           | 93          |
|    time_elapsed         | 2607        |
|    total_timesteps      | 380928      |
| train/                  |             |
|    approx_kl            | 0.001532213 |
|    clip_fraction        | 0.0105      |
|    clip_range           | 0.2         |
|    entropy_loss         | -0.158      |
|    explained_variance   | 0.988       |
|    learning_rate        | 0.0003      |
|    loss                 | 35.6        |
|    n_updates            | 2890        |
|    policy_gradient_loss | -0.00114    |
|    value_loss           | 93.2        |
-----------------------------------------
------------------------------------------
| time/                   |              |
|    fps                  | 146          |
|    iterations           | 94           |
|    time_elapsed         | 2636         |
|    total_timesteps      | 385024       |
| train/                  |              |
|    approx_kl            | 0.0002773147 |
|    clip_fraction        | 0.00154      |
|    clip_range           | 0.2          |
|    entropy_loss         | -0.102       |
|    explained_variance   | 0.992        |
|    learning_rate        | 0.0003       |
|    loss                 | 21.1         |
|    n_updates            | 2900         |
|    policy_gradient_loss | -0.000671    |
|    value_loss           | 69.9         |
------------------------------------------
------------------------------------------
| time/                   |              |
|    fps                  | 146          |
|    iterations           | 95           |
|    time_elapsed         | 2661         |
|    total_timesteps      | 389120       |
| train/                  |              |
|    approx_kl            | 0.0005307611 |
|    clip_fraction        | 0.00454      |
|    clip_range           | 0.2          |
|    entropy_loss         | -0.0811      |
|    explained_variance   | 0.992        |
|    learning_rate        | 0.0003       |
|    loss                 | 15.9         |
|    n_updates            | 2910         |
|    policy_gradient_loss | -0.000999    |
|    value_loss           | 53.8         |
------------------------------------------
-------------------------------------------
| time/                   |               |
|    fps                  | 145           |
|    iterations           | 96            |
|    time_elapsed         | 2693          |
|    total_timesteps      | 393216        |
| train/                  |               |
|    approx_kl            | 0.00083726906 |
|    clip_fraction        | 0.00625       |
|    clip_range           | 0.2           |
|    entropy_loss         | -0.0912       |
|    explained_variance   | 0.992         |
|    learning_rate        | 0.0003        |
|    loss                 | 22.1          |
|    n_updates            | 2920          |
|    policy_gradient_loss | -0.00122      |
|    value_loss           | 49.1          |
-------------------------------------------
------------------------------------------
| time/                   |              |
|    fps                  | 145          |
|    iterations           | 97           |
|    time_elapsed         | 2727         |
|    total_timesteps      | 397312       |
| train/                  |              |
|    approx_kl            | 0.0017341246 |
|    clip_fraction        | 0.0148       |
|    clip_range           | 0.2          |
|    entropy_loss         | -0.142       |
|    explained_variance   | 0.99         |
|    learning_rate        | 0.0003       |
|    loss                 | 24.6         |
|    n_updates            | 2930         |
|    policy_gradient_loss | -0.00271     |
|    value_loss           | 76.9         |
------------------------------------------
------------------------------------------
| time/                   |              |
|    fps                  | 145          |
|    iterations           | 98           |
|    time_elapsed         | 2760         |
|    total_timesteps      | 401408       |
| train/                  |              |
|    approx_kl            | 0.0020935228 |
|    clip_fraction        | 0.0235       |
|    clip_range           | 0.2          |
|    entropy_loss         | -0.217       |
|    explained_variance   | 0.966        |
|    learning_rate        | 0.0003       |
|    loss                 | 66.7         |
|    n_updates            | 2940         |
|    policy_gradient_loss | -0.00309     |
|    value_loss           | 117          |
------------------------------------------
------------------------------------------
| time/                   |              |
|    fps                  | 145          |
|    iterations           | 99           |
|    time_elapsed         | 2790         |
|    total_timesteps      | 405504       |
| train/                  |              |
|    approx_kl            | 0.0007594805 |
|    clip_fraction        | 0.0061       |
|    clip_range           | 0.2          |
|    entropy_loss         | -0.108       |
|    explained_variance   | 0.976        |
|    learning_rate        | 0.0003       |
|    loss                 | 38.8         |
|    n_updates            | 2950         |
|    policy_gradient_loss | -0.00211     |
|    value_loss           | 94.3         |
------------------------------------------
-------------------------------------------
| time/                   |               |
|    fps                  | 145           |
|    iterations           | 100           |
|    time_elapsed         | 2818          |
|    total_timesteps      | 409600        |
| train/                  |               |
|    approx_kl            | 0.00038043427 |
|    clip_fraction        | 0.00168       |
|    clip_range           | 0.2           |
|    entropy_loss         | -0.0783       |
|    explained_variance   | 0.981         |
|    learning_rate        | 0.0003        |
|    loss                 | 25.1          |
|    n_updates            | 2960          |
|    policy_gradient_loss | -0.000549     |
|    value_loss           | 62.8          |
-------------------------------------------
------------------------------------------
| time/                   |              |
|    fps                  | 145          |
|    iterations           | 101          |
|    time_elapsed         | 2845         |
|    total_timesteps      | 413696       |
| train/                  |              |
|    approx_kl            | 0.0002638342 |
|    clip_fraction        | 0.00562      |
|    clip_range           | 0.2          |
|    entropy_loss         | -0.0948      |
|    explained_variance   | 0.989        |
|    learning_rate        | 0.0003       |
|    loss                 | 13.8         |
|    n_updates            | 2970         |
|    policy_gradient_loss | -0.000953    |
|    value_loss           | 49.8         |
------------------------------------------
------------------------------------------
| time/                   |              |
|    fps                  | 145          |
|    iterations           | 102          |
|    time_elapsed         | 2872         |
|    total_timesteps      | 417792       |
| train/                  |              |
|    approx_kl            | 0.0005707452 |
|    clip_fraction        | 0.00593      |
|    clip_range           | 0.2          |
|    entropy_loss         | -0.0784      |
|    explained_variance   | 0.987        |
|    learning_rate        | 0.0003       |
|    loss                 | 19.2         |
|    n_updates            | 2980         |
|    policy_gradient_loss | -0.00102     |
|    value_loss           | 46.4         |
------------------------------------------
-------------------------------------------
| time/                   |               |
|    fps                  | 145           |
|    iterations           | 103           |
|    time_elapsed         | 2897          |
|    total_timesteps      | 421888        |
| train/                  |               |
|    approx_kl            | 0.00017428561 |
|    clip_fraction        | 0.00154       |
|    clip_range           | 0.2           |
|    entropy_loss         | -0.0661       |
|    explained_variance   | 0.981         |
|    learning_rate        | 0.0003        |
|    loss                 | 36.8          |
|    n_updates            | 2990          |
|    policy_gradient_loss | -0.000667     |
|    value_loss           | 83.6          |
-------------------------------------------
-------------------------------------------
| time/                   |               |
|    fps                  | 145           |
|    iterations           | 104           |
|    time_elapsed         | 2921          |
|    total_timesteps      | 425984        |
| train/                  |               |
|    approx_kl            | 0.00040100317 |
|    clip_fraction        | 0.00588       |
|    clip_range           | 0.2           |
|    entropy_loss         | -0.0503       |
|    explained_variance   | 0.979         |
|    learning_rate        | 0.0003        |
|    loss                 | 20.9          |
|    n_updates            | 3000          |
|    policy_gradient_loss | -0.0013       |
|    value_loss           | 58.8          |
-------------------------------------------
-----------------------------------------
| time/                   |             |
|    fps                  | 145         |
|    iterations           | 105         |
|    time_elapsed         | 2947        |
|    total_timesteps      | 430080      |
| train/                  |             |
|    approx_kl            | 0.000282469 |
|    clip_fraction        | 0.00439     |
|    clip_range           | 0.2         |
|    entropy_loss         | -0.0525     |
|    explained_variance   | 0.98        |
|    learning_rate        | 0.0003      |
|    loss                 | 21.2        |
|    n_updates            | 3010        |
|    policy_gradient_loss | -0.000866   |
|    value_loss           | 55          |
-----------------------------------------
-------------------------------------------
| time/                   |               |
|    fps                  | 146           |
|    iterations           | 106           |
|    time_elapsed         | 2972          |
|    total_timesteps      | 434176        |
| train/                  |               |
|    approx_kl            | 0.00025283266 |
|    clip_fraction        | 0.00242       |
|    clip_range           | 0.2           |
|    entropy_loss         | -0.0454       |
|    explained_variance   | 0.982         |
|    learning_rate        | 0.0003        |
|    loss                 | 17.8          |
|    n_updates            | 3020          |
|    policy_gradient_loss | -0.000662     |
|    value_loss           | 50.2          |
-------------------------------------------
------------------------------------------
| time/                   |              |
|    fps                  | 146          |
|    iterations           | 107          |
|    time_elapsed         | 2998         |
|    total_timesteps      | 438272       |
| train/                  |              |
|    approx_kl            | 0.0036569373 |
|    clip_fraction        | 0.0169       |
|    clip_range           | 0.2          |
|    entropy_loss         | -0.0917      |
|    explained_variance   | 0.979        |
|    learning_rate        | 0.0003       |
|    loss                 | 19.1         |
|    n_updates            | 3030         |
|    policy_gradient_loss | -0.0037      |
|    value_loss           | 60.2         |
------------------------------------------
------------------------------------------
| time/                   |              |
|    fps                  | 146          |
|    iterations           | 108          |
|    time_elapsed         | 3023         |
|    total_timesteps      | 442368       |
| train/                  |              |
|    approx_kl            | 0.0009019498 |
|    clip_fraction        | 0.00752      |
|    clip_range           | 0.2          |
|    entropy_loss         | -0.092       |
|    explained_variance   | 0.987        |
|    learning_rate        | 0.0003       |
|    loss                 | 34.5         |
|    n_updates            | 3040         |
|    policy_gradient_loss | -0.0021      |
|    value_loss           | 68.7         |
------------------------------------------
------------------------------------------
| time/                   |              |
|    fps                  | 146          |
|    iterations           | 109          |
|    time_elapsed         | 3046         |
|    total_timesteps      | 446464       |
| train/                  |              |
|    approx_kl            | 0.0008209803 |
|    clip_fraction        | 0.00518      |
|    clip_range           | 0.2          |
|    entropy_loss         | -0.0743      |
|    explained_variance   | 0.987        |
|    learning_rate        | 0.0003       |
|    loss                 | 30.6         |
|    n_updates            | 3050         |
|    policy_gradient_loss | -0.00133     |
|    value_loss           | 67.4         |
------------------------------------------
-----------------------------------------
| time/                   |             |
|    fps                  | 146         |
|    iterations           | 110         |
|    time_elapsed         | 3073        |
|    total_timesteps      | 450560      |
| train/                  |             |
|    approx_kl            | 0.004845107 |
|    clip_fraction        | 0.017       |
|    clip_range           | 0.2         |
|    entropy_loss         | -0.0887     |
|    explained_variance   | 0.99        |
|    learning_rate        | 0.0003      |
|    loss                 | 24          |
|    n_updates            | 3060        |
|    policy_gradient_loss | -0.00278    |
|    value_loss           | 59          |
-----------------------------------------
------------------------------------------
| time/                   |              |
|    fps                  | 146          |
|    iterations           | 111          |
|    time_elapsed         | 3103         |
|    total_timesteps      | 454656       |
| train/                  |              |
|    approx_kl            | 0.0009404177 |
|    clip_fraction        | 0.00845      |
|    clip_range           | 0.2          |
|    entropy_loss         | -0.157       |
|    explained_variance   | 0.978        |
|    learning_rate        | 0.0003       |
|    loss                 | 36.7         |
|    n_updates            | 3070         |
|    policy_gradient_loss | -0.00187     |
|    value_loss           | 86.6         |
------------------------------------------
------------------------------------------
| time/                   |              |
|    fps                  | 146          |
|    iterations           | 112          |
|    time_elapsed         | 3125         |
|    total_timesteps      | 458752       |
| train/                  |              |
|    approx_kl            | 0.0013527822 |
|    clip_fraction        | 0.0119       |
|    clip_range           | 0.2          |
|    entropy_loss         | -0.175       |
|    explained_variance   | 0.963        |
|    learning_rate        | 0.0003       |
|    loss                 | 34.3         |
|    n_updates            | 3080         |
|    policy_gradient_loss | -0.00338     |
|    value_loss           | 82.4         |
------------------------------------------
------------------------------------------
| time/                   |              |
|    fps                  | 146          |
|    iterations           | 113          |
|    time_elapsed         | 3148         |
|    total_timesteps      | 462848       |
| train/                  |              |
|    approx_kl            | 0.0012190439 |
|    clip_fraction        | 0.00881      |
|    clip_range           | 0.2          |
|    entropy_loss         | -0.118       |
|    explained_variance   | 0.982        |
|    learning_rate        | 0.0003       |
|    loss                 | 20           |
|    n_updates            | 3090         |
|    policy_gradient_loss | -0.00176     |
|    value_loss           | 52.4         |
------------------------------------------
-----------------------------------------
| time/                   |             |
|    fps                  | 146         |
|    iterations           | 114         |
|    time_elapsed         | 3181        |
|    total_timesteps      | 466944      |
| train/                  |             |
|    approx_kl            | 0.002034687 |
|    clip_fraction        | 0.0245      |
|    clip_range           | 0.2         |
|    entropy_loss         | -0.254      |
|    explained_variance   | 0.993       |
|    learning_rate        | 0.0003      |
|    loss                 | 30.3        |
|    n_updates            | 3100        |
|    policy_gradient_loss | -0.00344    |
|    value_loss           | 79.1        |
-----------------------------------------
------------------------------------------
| time/                   |              |
|    fps                  | 146          |
|    iterations           | 115          |
|    time_elapsed         | 3215         |
|    total_timesteps      | 471040       |
| train/                  |              |
|    approx_kl            | 0.0039758626 |
|    clip_fraction        | 0.0383       |
|    clip_range           | 0.2          |
|    entropy_loss         | -0.412       |
|    explained_variance   | 0.979        |
|    learning_rate        | 0.0003       |
|    loss                 | 38.2         |
|    n_updates            | 3110         |
|    policy_gradient_loss | -0.00283     |
|    value_loss           | 134          |
------------------------------------------
-----------------------------------------
| time/                   |             |
|    fps                  | 146         |
|    iterations           | 116         |
|    time_elapsed         | 3250        |
|    total_timesteps      | 475136      |
| train/                  |             |
|    approx_kl            | 0.003517998 |
|    clip_fraction        | 0.0269      |
|    clip_range           | 0.2         |
|    entropy_loss         | -0.385      |
|    explained_variance   | 0.954       |
|    learning_rate        | 0.0003      |
|    loss                 | 49.9        |
|    n_updates            | 3120        |
|    policy_gradient_loss | -0.00331    |
|    value_loss           | 105         |
-----------------------------------------
------------------------------------------
| time/                   |              |
|    fps                  | 145          |
|    iterations           | 117          |
|    time_elapsed         | 3285         |
|    total_timesteps      | 479232       |
| train/                  |              |
|    approx_kl            | 0.0033458695 |
|    clip_fraction        | 0.0241       |
|    clip_range           | 0.2          |
|    entropy_loss         | -0.323       |
|    explained_variance   | 0.972        |
|    learning_rate        | 0.0003       |
|    loss                 | 30.4         |
|    n_updates            | 3130         |
|    policy_gradient_loss | -0.00356     |
|    value_loss           | 85.2         |
------------------------------------------
-----------------------------------------
| time/                   |             |
|    fps                  | 145         |
|    iterations           | 118         |
|    time_elapsed         | 3317        |
|    total_timesteps      | 483328      |
| train/                  |             |
|    approx_kl            | 0.001370948 |
|    clip_fraction        | 0.0133      |
|    clip_range           | 0.2         |
|    entropy_loss         | -0.227      |
|    explained_variance   | 0.982       |
|    learning_rate        | 0.0003      |
|    loss                 | 47.6        |
|    n_updates            | 3140        |
|    policy_gradient_loss | -0.00182    |
|    value_loss           | 92.6        |
-----------------------------------------
------------------------------------------
| time/                   |              |
|    fps                  | 145          |
|    iterations           | 119          |
|    time_elapsed         | 3351         |
|    total_timesteps      | 487424       |
| train/                  |              |
|    approx_kl            | 0.0012588395 |
|    clip_fraction        | 0.01         |
|    clip_range           | 0.2          |
|    entropy_loss         | -0.247       |
|    explained_variance   | 0.979        |
|    learning_rate        | 0.0003       |
|    loss                 | 34.4         |
|    n_updates            | 3150         |
|    policy_gradient_loss | -0.0016      |
|    value_loss           | 64.4         |
------------------------------------------
------------------------------------------
| time/                   |              |
|    fps                  | 145          |
|    iterations           | 120          |
|    time_elapsed         | 3383         |
|    total_timesteps      | 491520       |
| train/                  |              |
|    approx_kl            | 0.0011553147 |
|    clip_fraction        | 0.0104       |
|    clip_range           | 0.2          |
|    entropy_loss         | -0.227       |
|    explained_variance   | 0.976        |
|    learning_rate        | 0.0003       |
|    loss                 | 25.9         |
|    n_updates            | 3160         |
|    policy_gradient_loss | -0.000922    |
|    value_loss           | 83.2         |
------------------------------------------
------------------------------------------
| time/                   |              |
|    fps                  | 145          |
|    iterations           | 121          |
|    time_elapsed         | 3413         |
|    total_timesteps      | 495616       |
| train/                  |              |
|    approx_kl            | 0.0008428516 |
|    clip_fraction        | 0.00859      |
|    clip_range           | 0.2          |
|    entropy_loss         | -0.169       |
|    explained_variance   | 0.978        |
|    learning_rate        | 0.0003       |
|    loss                 | 37.4         |
|    n_updates            | 3170         |
|    policy_gradient_loss | -0.00127     |
|    value_loss           | 64.4         |
------------------------------------------
------------------------------------------
| time/                   |              |
|    fps                  | 145          |
|    iterations           | 122          |
|    time_elapsed         | 3439         |
|    total_timesteps      | 499712       |
| train/                  |              |
|    approx_kl            | 0.0014717673 |
|    clip_fraction        | 0.011        |
|    clip_range           | 0.2          |
|    entropy_loss         | -0.197       |
|    explained_variance   | 0.982        |
|    learning_rate        | 0.0003       |
|    loss                 | 30.3         |
|    n_updates            | 3180         |
|    policy_gradient_loss | -0.00146     |
|    value_loss           | 70.5         |
------------------------------------------
-------------------------------------------
| time/                   |               |
|    fps                  | 145           |
|    iterations           | 123           |
|    time_elapsed         | 3464          |
|    total_timesteps      | 503808        |
| train/                  |               |
|    approx_kl            | 0.00092717295 |
|    clip_fraction        | 0.0103        |
|    clip_range           | 0.2           |
|    entropy_loss         | -0.163        |
|    explained_variance   | 0.988         |
|    learning_rate        | 0.0003        |
|    loss                 | 19.7          |
|    n_updates            | 3190          |
|    policy_gradient_loss | -0.00171      |
|    value_loss           | 49            |
-------------------------------------------
------------------------------------------
| time/                   |              |
|    fps                  | 145          |
|    iterations           | 124          |
|    time_elapsed         | 3489         |
|    total_timesteps      | 507904       |
| train/                  |              |
|    approx_kl            | 0.0006467821 |
|    clip_fraction        | 0.00735      |
|    clip_range           | 0.2          |
|    entropy_loss         | -0.111       |
|    explained_variance   | 0.99         |
|    learning_rate        | 0.0003       |
|    loss                 | 12.7         |
|    n_updates            | 3200         |
|    policy_gradient_loss | -0.00154     |
|    value_loss           | 32.6         |
------------------------------------------
------------------------------------------
| time/                   |              |
|    fps                  | 145          |
|    iterations           | 125          |
|    time_elapsed         | 3514         |
|    total_timesteps      | 512000       |
| train/                  |              |
|    approx_kl            | 0.0013068754 |
|    clip_fraction        | 0.00706      |
|    clip_range           | 0.2          |
|    entropy_loss         | -0.14        |
|    explained_variance   | 0.991        |
|    learning_rate        | 0.0003       |
|    loss                 | 17.9         |
|    n_updates            | 3210         |
|    policy_gradient_loss | -0.00108     |
|    value_loss           | 43.4         |
------------------------------------------
-------------------------------------------
| time/                   |               |
|    fps                  | 145           |
|    iterations           | 126           |
|    time_elapsed         | 3538          |
|    total_timesteps      | 516096        |
| train/                  |               |
|    approx_kl            | 0.00060628366 |
|    clip_fraction        | 0.00442       |
|    clip_range           | 0.2           |
|    entropy_loss         | -0.165        |
|    explained_variance   | 0.99          |
|    learning_rate        | 0.0003        |
|    loss                 | 17.7          |
|    n_updates            | 3220          |
|    policy_gradient_loss | -0.00112      |
|    value_loss           | 58.8          |
-------------------------------------------
-------------------------------------------
| time/                   |               |
|    fps                  | 146           |
|    iterations           | 127           |
|    time_elapsed         | 3562          |
|    total_timesteps      | 520192        |
| train/                  |               |
|    approx_kl            | 0.00044951082 |
|    clip_fraction        | 0.00364       |
|    clip_range           | 0.2           |
|    entropy_loss         | -0.117        |
|    explained_variance   | 0.99          |
|    learning_rate        | 0.0003        |
|    loss                 | 10.9          |
|    n_updates            | 3230          |
|    policy_gradient_loss | -0.00107      |
|    value_loss           | 39.3          |
-------------------------------------------
-------------------------------------------
| time/                   |               |
|    fps                  | 146           |
|    iterations           | 128           |
|    time_elapsed         | 3583          |
|    total_timesteps      | 524288        |
| train/                  |               |
|    approx_kl            | 0.00081182015 |
|    clip_fraction        | 0.00486       |
|    clip_range           | 0.2           |
|    entropy_loss         | -0.138        |
|    explained_variance   | 0.991         |
|    learning_rate        | 0.0003        |
|    loss                 | 21.6          |
|    n_updates            | 3240          |
|    policy_gradient_loss | -0.00115      |
|    value_loss           | 52.9          |
-------------------------------------------
------------------------------------------
| time/                   |              |
|    fps                  | 146          |
|    iterations           | 129          |
|    time_elapsed         | 3605         |
|    total_timesteps      | 528384       |
| train/                  |              |
|    approx_kl            | 0.0010689148 |
|    clip_fraction        | 0.0113       |
|    clip_range           | 0.2          |
|    entropy_loss         | -0.148       |
|    explained_variance   | 0.993        |
|    learning_rate        | 0.0003       |
|    loss                 | 26.1         |
|    n_updates            | 3250         |
|    policy_gradient_loss | -0.00216     |
|    value_loss           | 49.4         |
------------------------------------------
------------------------------------------
| time/                   |              |
|    fps                  | 146          |
|    iterations           | 130          |
|    time_elapsed         | 3626         |
|    total_timesteps      | 532480       |
| train/                  |              |
|    approx_kl            | 0.0008283422 |
|    clip_fraction        | 0.00715      |
|    clip_range           | 0.2          |
|    entropy_loss         | -0.118       |
|    explained_variance   | 0.995        |
|    learning_rate        | 0.0003       |
|    loss                 | 24.3         |
|    n_updates            | 3260         |
|    policy_gradient_loss | -0.00164     |
|    value_loss           | 38.2         |
------------------------------------------
------------------------------------------
| time/                   |              |
|    fps                  | 146          |
|    iterations           | 131          |
|    time_elapsed         | 3653         |
|    total_timesteps      | 536576       |
| train/                  |              |
|    approx_kl            | 0.0012008527 |
|    clip_fraction        | 0.0155       |
|    clip_range           | 0.2          |
|    entropy_loss         | -0.115       |
|    explained_variance   | 0.99         |
|    learning_rate        | 0.0003       |
|    loss                 | 19.4         |
|    n_updates            | 3270         |
|    policy_gradient_loss | -0.00264     |
|    value_loss           | 53.9         |
------------------------------------------
------------------------------------------
| time/                   |              |
|    fps                  | 146          |
|    iterations           | 132          |
|    time_elapsed         | 3687         |
|    total_timesteps      | 540672       |
| train/                  |              |
|    approx_kl            | 0.0012259382 |
|    clip_fraction        | 0.0115       |
|    clip_range           | 0.2          |
|    entropy_loss         | -0.187       |
|    explained_variance   | 0.987        |
|    learning_rate        | 0.0003       |
|    loss                 | 16.2         |
|    n_updates            | 3280         |
|    policy_gradient_loss | -0.00154     |
|    value_loss           | 73.3         |
------------------------------------------
------------------------------------------
| time/                   |              |
|    fps                  | 146          |
|    iterations           | 133          |
|    time_elapsed         | 3717         |
|    total_timesteps      | 544768       |
| train/                  |              |
|    approx_kl            | 0.0036691006 |
|    clip_fraction        | 0.0284       |
|    clip_range           | 0.2          |
|    entropy_loss         | -0.215       |
|    explained_variance   | 0.986        |
|    learning_rate        | 0.0003       |
|    loss                 | 30.6         |
|    n_updates            | 3290         |
|    policy_gradient_loss | -0.00397     |
|    value_loss           | 74.2         |
------------------------------------------
------------------------------------------
| time/                   |              |
|    fps                  | 146          |
|    iterations           | 134          |
|    time_elapsed         | 3745         |
|    total_timesteps      | 548864       |
| train/                  |              |
|    approx_kl            | 0.0013172979 |
|    clip_fraction        | 0.0117       |
|    clip_range           | 0.2          |
|    entropy_loss         | -0.198       |
|    explained_variance   | 0.991        |
|    learning_rate        | 0.0003       |
|    loss                 | 18.3         |
|    n_updates            | 3300         |
|    policy_gradient_loss | -0.00165     |
|    value_loss           | 49.5         |
------------------------------------------
------------------------------------------
| time/                   |              |
|    fps                  | 146          |
|    iterations           | 135          |
|    time_elapsed         | 3776         |
|    total_timesteps      | 552960       |
| train/                  |              |
|    approx_kl            | 0.0007073211 |
|    clip_fraction        | 0.00706      |
|    clip_range           | 0.2          |
|    entropy_loss         | -0.206       |
|    explained_variance   | 0.992        |
|    learning_rate        | 0.0003       |
|    loss                 | 22.2         |
|    n_updates            | 3310         |
|    policy_gradient_loss | -0.00114     |
|    value_loss           | 55.1         |
------------------------------------------
------------------------------------------
| time/                   |              |
|    fps                  | 146          |
|    iterations           | 136          |
|    time_elapsed         | 3810         |
|    total_timesteps      | 557056       |
| train/                  |              |
|    approx_kl            | 0.0017863032 |
|    clip_fraction        | 0.026        |
|    clip_range           | 0.2          |
|    entropy_loss         | -0.261       |
|    explained_variance   | 0.99         |
|    learning_rate        | 0.0003       |
|    loss                 | 16.5         |
|    n_updates            | 3320         |
|    policy_gradient_loss | -0.00186     |
|    value_loss           | 56.8         |
------------------------------------------
-----------------------------------------
| time/                   |             |
|    fps                  | 145         |
|    iterations           | 137         |
|    time_elapsed         | 3844        |
|    total_timesteps      | 561152      |
| train/                  |             |
|    approx_kl            | 0.003321149 |
|    clip_fraction        | 0.0365      |
|    clip_range           | 0.2         |
|    entropy_loss         | -0.328      |
|    explained_variance   | 0.988       |
|    learning_rate        | 0.0003      |
|    loss                 | 20.3        |
|    n_updates            | 3330        |
|    policy_gradient_loss | -0.00319    |
|    value_loss           | 55.5        |
-----------------------------------------
------------------------------------------
| time/                   |              |
|    fps                  | 145          |
|    iterations           | 138          |
|    time_elapsed         | 3872         |
|    total_timesteps      | 565248       |
| train/                  |              |
|    approx_kl            | 0.0013705341 |
|    clip_fraction        | 0.0116       |
|    clip_range           | 0.2          |
|    entropy_loss         | -0.26        |
|    explained_variance   | 0.984        |
|    learning_rate        | 0.0003       |
|    loss                 | 27.1         |
|    n_updates            | 3340         |
|    policy_gradient_loss | -0.00144     |
|    value_loss           | 74.2         |
------------------------------------------
------------------------------------------
| time/                   |              |
|    fps                  | 146          |
|    iterations           | 139          |
|    time_elapsed         | 3899         |
|    total_timesteps      | 569344       |
| train/                  |              |
|    approx_kl            | 0.0014166394 |
|    clip_fraction        | 0.0179       |
|    clip_range           | 0.2          |
|    entropy_loss         | -0.217       |
|    explained_variance   | 0.99         |
|    learning_rate        | 0.0003       |
|    loss                 | 21.3         |
|    n_updates            | 3350         |
|    policy_gradient_loss | -0.00197     |
|    value_loss           | 43.4         |
------------------------------------------
-------------------------------------------
| time/                   |               |
|    fps                  | 146           |
|    iterations           | 140           |
|    time_elapsed         | 3924          |
|    total_timesteps      | 573440        |
| train/                  |               |
|    approx_kl            | 0.00078685075 |
|    clip_fraction        | 0.00591       |
|    clip_range           | 0.2           |
|    entropy_loss         | -0.166        |
|    explained_variance   | 0.99          |
|    learning_rate        | 0.0003        |
|    loss                 | 13.7          |
|    n_updates            | 3360          |
|    policy_gradient_loss | -0.000913     |
|    value_loss           | 37.5          |
-------------------------------------------
------------------------------------------
| time/                   |              |
|    fps                  | 146          |
|    iterations           | 141          |
|    time_elapsed         | 3947         |
|    total_timesteps      | 577536       |
| train/                  |              |
|    approx_kl            | 0.0013583354 |
|    clip_fraction        | 0.0105       |
|    clip_range           | 0.2          |
|    entropy_loss         | -0.169       |
|    explained_variance   | 0.983        |
|    learning_rate        | 0.0003       |
|    loss                 | 24.9         |
|    n_updates            | 3370         |
|    policy_gradient_loss | -0.00204     |
|    value_loss           | 50.3         |
------------------------------------------
-------------------------------------------
| time/                   |               |
|    fps                  | 146           |
|    iterations           | 142           |
|    time_elapsed         | 3974          |
|    total_timesteps      | 581632        |
| train/                  |               |
|    approx_kl            | 0.00050682435 |
|    clip_fraction        | 0.00405       |
|    clip_range           | 0.2           |
|    entropy_loss         | -0.145        |
|    explained_variance   | 0.986         |
|    learning_rate        | 0.0003        |
|    loss                 | 15.2          |
|    n_updates            | 3380          |
|    policy_gradient_loss | -0.00113      |
|    value_loss           | 52            |
-------------------------------------------
------------------------------------------
| time/                   |              |
|    fps                  | 146          |
|    iterations           | 143          |
|    time_elapsed         | 4000         |
|    total_timesteps      | 585728       |
| train/                  |              |
|    approx_kl            | 0.0012551909 |
|    clip_fraction        | 0.0207       |
|    clip_range           | 0.2          |
|    entropy_loss         | -0.184       |
|    explained_variance   | 0.978        |
|    learning_rate        | 0.0003       |
|    loss                 | 15.4         |
|    n_updates            | 3390         |
|    policy_gradient_loss | -0.00208     |
|    value_loss           | 54.1         |
------------------------------------------
------------------------------------------
| time/                   |              |
|    fps                  | 146          |
|    iterations           | 144          |
|    time_elapsed         | 4022         |
|    total_timesteps      | 589824       |
| train/                  |              |
|    approx_kl            | 0.0011200726 |
|    clip_fraction        | 0.0121       |
|    clip_range           | 0.2          |
|    entropy_loss         | -0.147       |
|    explained_variance   | 0.991        |
|    learning_rate        | 0.0003       |
|    loss                 | 17.9         |
|    n_updates            | 3400         |
|    policy_gradient_loss | -0.00236     |
|    value_loss           | 54.2         |
------------------------------------------
-------------------------------------------
| time/                   |               |
|    fps                  | 146           |
|    iterations           | 145           |
|    time_elapsed         | 4045          |
|    total_timesteps      | 593920        |
| train/                  |               |
|    approx_kl            | 0.00082597125 |
|    clip_fraction        | 0.00979       |
|    clip_range           | 0.2           |
|    entropy_loss         | -0.138        |
|    explained_variance   | 0.99          |
|    learning_rate        | 0.0003        |
|    loss                 | 31.7          |
|    n_updates            | 3410          |
|    policy_gradient_loss | -0.0019       |
|    value_loss           | 67.8          |
-------------------------------------------
------------------------------------------
| time/                   |              |
|    fps                  | 147          |
|    iterations           | 146          |
|    time_elapsed         | 4067         |
|    total_timesteps      | 598016       |
| train/                  |              |
|    approx_kl            | 0.0010004253 |
|    clip_fraction        | 0.0101       |
|    clip_range           | 0.2          |
|    entropy_loss         | -0.143       |
|    explained_variance   | 0.995        |
|    learning_rate        | 0.0003       |
|    loss                 | 12.2         |
|    n_updates            | 3420         |
|    policy_gradient_loss | -0.0019      |
|    value_loss           | 43.5         |
------------------------------------------
------------------------------------------
| time/                   |              |
|    fps                  | 147          |
|    iterations           | 147          |
|    time_elapsed         | 4090         |
|    total_timesteps      | 602112       |
| train/                  |              |
|    approx_kl            | 0.0013619293 |
|    clip_fraction        | 0.0129       |
|    clip_range           | 0.2          |
|    entropy_loss         | -0.135       |
|    explained_variance   | 0.996        |
|    learning_rate        | 0.0003       |
|    loss                 | 15.4         |
|    n_updates            | 3430         |
|    policy_gradient_loss | -0.00266     |
|    value_loss           | 33.4         |
------------------------------------------
saved -> /home/abhinav/Dock/backend/runs/ppo_c4/model.zip
warm-start from runs/ppo_c4/model.zip
Logging to /home/abhinav/Dock/backend/runs/ppo_c5/MaskablePPO_1
-----------------------------
| time/              |      |
|    fps             | 94   |
|    iterations      | 1    |
|    time_elapsed    | 43   |
|    total_timesteps | 4096 |
-----------------------------
-----------------------------------------
| time/                   |             |
|    fps                  | 96          |
|    iterations           | 2           |
|    time_elapsed         | 85          |
|    total_timesteps      | 8192        |
| train/                  |             |
|    approx_kl            | 0.004926046 |
|    clip_fraction        | 0.0449      |
|    clip_range           | 0.2         |
|    entropy_loss         | -0.598      |
|    explained_variance   | 0.885       |
|    learning_rate        | 0.0003      |
|    loss                 | 40.7        |
|    n_updates            | 3450        |
|    policy_gradient_loss | -0.00424    |
|    value_loss           | 118         |
-----------------------------------------
-----------------------------------------
| time/                   |             |
|    fps                  | 94          |
|    iterations           | 3           |
|    time_elapsed         | 129         |
|    total_timesteps      | 12288       |
| train/                  |             |
|    approx_kl            | 0.002920266 |
|    clip_fraction        | 0.043       |
|    clip_range           | 0.2         |
|    entropy_loss         | -0.449      |
|    explained_variance   | 0.854       |
|    learning_rate        | 0.0003      |
|    loss                 | 32.5        |
|    n_updates            | 3460        |
|    policy_gradient_loss | -0.0028     |
|    value_loss           | 99.3        |
-----------------------------------------
------------------------------------------
| time/                   |              |
|    fps                  | 96           |
|    iterations           | 4            |
|    time_elapsed         | 169          |
|    total_timesteps      | 16384        |
| train/                  |              |
|    approx_kl            | 0.0024151576 |
|    clip_fraction        | 0.00901      |
|    clip_range           | 0.2          |
|    entropy_loss         | -0.341       |
|    explained_variance   | 0.934        |
|    learning_rate        | 0.0003       |
|    loss                 | 24.7         |
|    n_updates            | 3470         |
|    policy_gradient_loss | -0.00194     |
|    value_loss           | 77.2         |
------------------------------------------
-----------------------------------------
| time/                   |             |
|    fps                  | 99          |
|    iterations           | 5           |
|    time_elapsed         | 205         |
|    total_timesteps      | 20480       |
| train/                  |             |
|    approx_kl            | 0.002415461 |
|    clip_fraction        | 0.0157      |
|    clip_range           | 0.2         |
|    entropy_loss         | -0.276      |
|    explained_variance   | 0.953       |
|    learning_rate        | 0.0003      |
|    loss                 | 31          |
|    n_updates            | 3480        |
|    policy_gradient_loss | -0.00158    |
|    value_loss           | 95          |
-----------------------------------------
------------------------------------------
| time/                   |              |
|    fps                  | 101          |
|    iterations           | 6            |
|    time_elapsed         | 242          |
|    total_timesteps      | 24576        |
| train/                  |              |
|    approx_kl            | 0.0015013092 |
|    clip_fraction        | 0.0123       |
|    clip_range           | 0.2          |
|    entropy_loss         | -0.252       |
|    explained_variance   | 0.961        |
|    learning_rate        | 0.0003       |
|    loss                 | 29.9         |
|    n_updates            | 3490         |
|    policy_gradient_loss | -0.00189     |
|    value_loss           | 63           |
------------------------------------------
------------------------------------------
| time/                   |              |
|    fps                  | 103          |
|    iterations           | 7            |
|    time_elapsed         | 277          |
|    total_timesteps      | 28672        |
| train/                  |              |
|    approx_kl            | 0.0010984121 |
|    clip_fraction        | 0.0116       |
|    clip_range           | 0.2          |
|    entropy_loss         | -0.212       |
|    explained_variance   | 0.968        |
|    learning_rate        | 0.0003       |
|    loss                 | 22.3         |
|    n_updates            | 3500         |
|    policy_gradient_loss | -0.00185     |
|    value_loss           | 58.3         |
------------------------------------------
------------------------------------------
| time/                   |              |
|    fps                  | 106          |
|    iterations           | 8            |
|    time_elapsed         | 307          |
|    total_timesteps      | 32768        |
| train/                  |              |
|    approx_kl            | 0.0009630715 |
|    clip_fraction        | 0.011        |
|    clip_range           | 0.2          |
|    entropy_loss         | -0.16        |
|    explained_variance   | 0.958        |
|    learning_rate        | 0.0003       |
|    loss                 | 35.1         |
|    n_updates            | 3510         |
|    policy_gradient_loss | -0.00181     |
|    value_loss           | 88.7         |
------------------------------------------
-----------------------------------------
| time/                   |             |
|    fps                  | 109         |
|    iterations           | 9           |
|    time_elapsed         | 336         |
|    total_timesteps      | 36864       |
| train/                  |             |
|    approx_kl            | 0.004583751 |
|    clip_fraction        | 0.0212      |
|    clip_range           | 0.2         |
|    entropy_loss         | -0.18       |
|    explained_variance   | 0.967       |
|    learning_rate        | 0.0003      |
|    loss                 | 30.1        |
|    n_updates            | 3520        |
|    policy_gradient_loss | -0.00429    |
|    value_loss           | 69.1        |
-----------------------------------------
------------------------------------------
| time/                   |              |
|    fps                  | 113          |
|    iterations           | 10           |
|    time_elapsed         | 361          |
|    total_timesteps      | 40960        |
| train/                  |              |
|    approx_kl            | 0.0011716592 |
|    clip_fraction        | 0.0136       |
|    clip_range           | 0.2          |
|    entropy_loss         | -0.158       |
|    explained_variance   | 0.976        |
|    learning_rate        | 0.0003       |
|    loss                 | 21.4         |
|    n_updates            | 3530         |
|    policy_gradient_loss | -0.00206     |
|    value_loss           | 58.9         |
------------------------------------------
------------------------------------------
| time/                   |              |
|    fps                  | 117          |
|    iterations           | 11           |
|    time_elapsed         | 385          |
|    total_timesteps      | 45056        |
| train/                  |              |
|    approx_kl            | 0.0005532733 |
|    clip_fraction        | 0.00793      |
|    clip_range           | 0.2          |
|    entropy_loss         | -0.112       |
|    explained_variance   | 0.984        |
|    learning_rate        | 0.0003       |
|    loss                 | 28.5         |
|    n_updates            | 3540         |
|    policy_gradient_loss | -0.00104     |
|    value_loss           | 52           |
------------------------------------------
------------------------------------------
| time/                   |              |
|    fps                  | 120          |
|    iterations           | 12           |
|    time_elapsed         | 406          |
|    total_timesteps      | 49152        |
| train/                  |              |
|    approx_kl            | 0.0006370131 |
|    clip_fraction        | 0.00862      |
|    clip_range           | 0.2          |
|    entropy_loss         | -0.121       |
|    explained_variance   | 0.983        |
|    learning_rate        | 0.0003       |
|    loss                 | 30.6         |
|    n_updates            | 3550         |
|    policy_gradient_loss | -0.000951    |
|    value_loss           | 53           |
------------------------------------------
-------------------------------------------
| time/                   |               |
|    fps                  | 124           |
|    iterations           | 13            |
|    time_elapsed         | 428           |
|    total_timesteps      | 53248         |
| train/                  |               |
|    approx_kl            | 0.00079186953 |
|    clip_fraction        | 0.00681       |
|    clip_range           | 0.2           |
|    entropy_loss         | -0.0972       |
|    explained_variance   | 0.975         |
|    learning_rate        | 0.0003        |
|    loss                 | 25.6          |
|    n_updates            | 3560          |
|    policy_gradient_loss | -0.00124      |
|    value_loss           | 58.6          |
-------------------------------------------
------------------------------------------
| time/                   |              |
|    fps                  | 127          |
|    iterations           | 14           |
|    time_elapsed         | 450          |
|    total_timesteps      | 57344        |
| train/                  |              |
|    approx_kl            | 0.0020098053 |
|    clip_fraction        | 0.0074       |
|    clip_range           | 0.2          |
|    entropy_loss         | -0.143       |
|    explained_variance   | 0.981        |
|    learning_rate        | 0.0003       |
|    loss                 | 16           |
|    n_updates            | 3570         |
|    policy_gradient_loss | -0.00203     |
|    value_loss           | 38.4         |
------------------------------------------
------------------------------------------
| time/                   |              |
|    fps                  | 130          |
|    iterations           | 15           |
|    time_elapsed         | 470          |
|    total_timesteps      | 61440        |
| train/                  |              |
|    approx_kl            | 0.0013941468 |
|    clip_fraction        | 0.0184       |
|    clip_range           | 0.2          |
|    entropy_loss         | -0.176       |
|    explained_variance   | 0.984        |
|    learning_rate        | 0.0003       |
|    loss                 | 16.4         |
|    n_updates            | 3580         |
|    policy_gradient_loss | -0.00284     |
|    value_loss           | 44.6         |
------------------------------------------
-----------------------------------------
| time/                   |             |
|    fps                  | 133         |
|    iterations           | 16          |
|    time_elapsed         | 491         |
|    total_timesteps      | 65536       |
| train/                  |             |
|    approx_kl            | 0.001157529 |
|    clip_fraction        | 0.0162      |
|    clip_range           | 0.2         |
|    entropy_loss         | -0.175      |
|    explained_variance   | 0.987       |
|    learning_rate        | 0.0003      |
|    loss                 | 21.9        |
|    n_updates            | 3590        |
|    policy_gradient_loss | -0.00208    |
|    value_loss           | 53.4        |
-----------------------------------------
------------------------------------------
| time/                   |              |
|    fps                  | 134          |
|    iterations           | 17           |
|    time_elapsed         | 515          |
|    total_timesteps      | 69632        |
| train/                  |              |
|    approx_kl            | 0.0044695064 |
|    clip_fraction        | 0.0229       |
|    clip_range           | 0.2          |
|    entropy_loss         | -0.156       |
|    explained_variance   | 0.985        |
|    learning_rate        | 0.0003       |
|    loss                 | 17.1         |
|    n_updates            | 3600         |
|    policy_gradient_loss | -0.00684     |
|    value_loss           | 42.8         |
------------------------------------------
------------------------------------------
| time/                   |              |
|    fps                  | 135          |
|    iterations           | 18           |
|    time_elapsed         | 543          |
|    total_timesteps      | 73728        |
| train/                  |              |
|    approx_kl            | 0.0018485622 |
|    clip_fraction        | 0.0177       |
|    clip_range           | 0.2          |
|    entropy_loss         | -0.264       |
|    explained_variance   | 0.988        |
|    learning_rate        | 0.0003       |
|    loss                 | 21.4         |
|    n_updates            | 3610         |
|    policy_gradient_loss | -0.00346     |
|    value_loss           | 65.4         |
------------------------------------------
-----------------------------------------
| time/                   |             |
|    fps                  | 133         |
|    iterations           | 19          |
|    time_elapsed         | 582         |
|    total_timesteps      | 77824       |
| train/                  |             |
|    approx_kl            | 0.002306682 |
|    clip_fraction        | 0.021       |
|    clip_range           | 0.2         |
|    entropy_loss         | -0.32       |
|    explained_variance   | 0.993       |
|    learning_rate        | 0.0003      |
|    loss                 | 19          |
|    n_updates            | 3620        |
|    policy_gradient_loss | -0.00323    |
|    value_loss           | 55.2        |
-----------------------------------------
------------------------------------------
| time/                   |              |
|    fps                  | 132          |
|    iterations           | 20           |
|    time_elapsed         | 617          |
|    total_timesteps      | 81920        |
| train/                  |              |
|    approx_kl            | 0.0035963021 |
|    clip_fraction        | 0.0505       |
|    clip_range           | 0.2          |
|    entropy_loss         | -0.448       |
|    explained_variance   | 0.979        |
|    learning_rate        | 0.0003       |
|    loss                 | 30           |
|    n_updates            | 3630         |
|    policy_gradient_loss | -0.00519     |
|    value_loss           | 79.8         |
------------------------------------------
------------------------------------------
| time/                   |              |
|    fps                  | 132          |
|    iterations           | 21           |
|    time_elapsed         | 649          |
|    total_timesteps      | 86016        |
| train/                  |              |
|    approx_kl            | 0.0023563227 |
|    clip_fraction        | 0.0342       |
|    clip_range           | 0.2          |
|    entropy_loss         | -0.385       |
|    explained_variance   | 0.967        |
|    learning_rate        | 0.0003       |
|    loss                 | 19.2         |
|    n_updates            | 3640         |
|    policy_gradient_loss | -0.00323     |
|    value_loss           | 78.1         |
------------------------------------------
------------------------------------------
| time/                   |              |
|    fps                  | 132          |
|    iterations           | 22           |
|    time_elapsed         | 679          |
|    total_timesteps      | 90112        |
| train/                  |              |
|    approx_kl            | 0.0075610196 |
|    clip_fraction        | 0.0344       |
|    clip_range           | 0.2          |
|    entropy_loss         | -0.351       |
|    explained_variance   | 0.981        |
|    learning_rate        | 0.0003       |
|    loss                 | 20.2         |
|    n_updates            | 3650         |
|    policy_gradient_loss | -0.00418     |
|    value_loss           | 59.8         |
------------------------------------------
-----------------------------------------
| time/                   |             |
|    fps                  | 132         |
|    iterations           | 23          |
|    time_elapsed         | 708         |
|    total_timesteps      | 94208       |
| train/                  |             |
|    approx_kl            | 0.002552546 |
|    clip_fraction        | 0.0261      |
|    clip_range           | 0.2         |
|    entropy_loss         | -0.252      |
|    explained_variance   | 0.991       |
|    learning_rate        | 0.0003      |
|    loss                 | 11.5        |
|    n_updates            | 3660        |
|    policy_gradient_loss | -0.00314    |
|    value_loss           | 39.4        |
-----------------------------------------
------------------------------------------
| time/                   |              |
|    fps                  | 133          |
|    iterations           | 24           |
|    time_elapsed         | 735          |
|    total_timesteps      | 98304        |
| train/                  |              |
|    approx_kl            | 0.0010578088 |
|    clip_fraction        | 0.0145       |
|    clip_range           | 0.2          |
|    entropy_loss         | -0.265       |
|    explained_variance   | 0.989        |
|    learning_rate        | 0.0003       |
|    loss                 | 26.4         |
|    n_updates            | 3670         |
|    policy_gradient_loss | -0.0014      |
|    value_loss           | 68.2         |
------------------------------------------
------------------------------------------
| time/                   |              |
|    fps                  | 133          |
|    iterations           | 25           |
|    time_elapsed         | 764          |
|    total_timesteps      | 102400       |
| train/                  |              |
|    approx_kl            | 0.0013255054 |
|    clip_fraction        | 0.0114       |
|    clip_range           | 0.2          |
|    entropy_loss         | -0.272       |
|    explained_variance   | 0.989        |
|    learning_rate        | 0.0003       |
|    loss                 | 17.6         |
|    n_updates            | 3680         |
|    policy_gradient_loss | -0.00175     |
|    value_loss           | 46.7         |
------------------------------------------
-------------------------------------------
| time/                   |               |
|    fps                  | 134           |
|    iterations           | 26            |
|    time_elapsed         | 791           |
|    total_timesteps      | 106496        |
| train/                  |               |
|    approx_kl            | 0.00097540073 |
|    clip_fraction        | 0.00911       |
|    clip_range           | 0.2           |
|    entropy_loss         | -0.24         |
|    explained_variance   | 0.988         |
|    learning_rate        | 0.0003        |
|    loss                 | 14            |
|    n_updates            | 3690          |
|    policy_gradient_loss | -0.00155      |
|    value_loss           | 36            |
-------------------------------------------
------------------------------------------
| time/                   |              |
|    fps                  | 134          |
|    iterations           | 27           |
|    time_elapsed         | 819          |
|    total_timesteps      | 110592       |
| train/                  |              |
|    approx_kl            | 0.0011734592 |
|    clip_fraction        | 0.00942      |
|    clip_range           | 0.2          |
|    entropy_loss         | -0.193       |
|    explained_variance   | 0.987        |
|    learning_rate        | 0.0003       |
|    loss                 | 13.2         |
|    n_updates            | 3700         |
|    policy_gradient_loss | -0.00196     |
|    value_loss           | 38.7         |
------------------------------------------
-----------------------------------------
| time/                   |             |
|    fps                  | 135         |
|    iterations           | 28          |
|    time_elapsed         | 847         |
|    total_timesteps      | 114688      |
| train/                  |             |
|    approx_kl            | 0.001242032 |
|    clip_fraction        | 0.0101      |
|    clip_range           | 0.2         |
|    entropy_loss         | -0.232      |
|    explained_variance   | 0.982       |
|    learning_rate        | 0.0003      |
|    loss                 | 29.5        |
|    n_updates            | 3710        |
|    policy_gradient_loss | -0.00204    |
|    value_loss           | 55.8        |
-----------------------------------------
------------------------------------------
| time/                   |              |
|    fps                  | 135          |
|    iterations           | 29           |
|    time_elapsed         | 875          |
|    total_timesteps      | 118784       |
| train/                  |              |
|    approx_kl            | 0.0024462107 |
|    clip_fraction        | 0.0156       |
|    clip_range           | 0.2          |
|    entropy_loss         | -0.27        |
|    explained_variance   | 0.979        |
|    learning_rate        | 0.0003       |
|    loss                 | 13.2         |
|    n_updates            | 3720         |
|    policy_gradient_loss | -0.00318     |
|    value_loss           | 40.1         |
------------------------------------------
------------------------------------------
| time/                   |              |
|    fps                  | 136          |
|    iterations           | 30           |
|    time_elapsed         | 902          |
|    total_timesteps      | 122880       |
| train/                  |              |
|    approx_kl            | 0.0012789732 |
|    clip_fraction        | 0.0109       |
|    clip_range           | 0.2          |
|    entropy_loss         | -0.246       |
|    explained_variance   | 0.986        |
|    learning_rate        | 0.0003       |
|    loss                 | 27           |
|    n_updates            | 3730         |
|    policy_gradient_loss | -0.00214     |
|    value_loss           | 67.6         |
------------------------------------------
-----------------------------------------
| time/                   |             |
|    fps                  | 136         |
|    iterations           | 31          |
|    time_elapsed         | 929         |
|    total_timesteps      | 126976      |
| train/                  |             |
|    approx_kl            | 0.002072292 |
|    clip_fraction        | 0.0229      |
|    clip_range           | 0.2         |
|    entropy_loss         | -0.244      |
|    explained_variance   | 0.992       |
|    learning_rate        | 0.0003      |
|    loss                 | 10.8        |
|    n_updates            | 3740        |
|    policy_gradient_loss | -0.00217    |
|    value_loss           | 37.2        |
-----------------------------------------
-----------------------------------------
| time/                   |             |
|    fps                  | 137         |
|    iterations           | 32          |
|    time_elapsed         | 954         |
|    total_timesteps      | 131072      |
| train/                  |             |
|    approx_kl            | 0.001715108 |
|    clip_fraction        | 0.0115      |
|    clip_range           | 0.2         |
|    entropy_loss         | -0.257      |
|    explained_variance   | 0.993       |
|    learning_rate        | 0.0003      |
|    loss                 | 19.2        |
|    n_updates            | 3750        |
|    policy_gradient_loss | -0.00228    |
|    value_loss           | 51.5        |
-----------------------------------------
-----------------------------------------
| time/                   |             |
|    fps                  | 138         |
|    iterations           | 33          |
|    time_elapsed         | 978         |
|    total_timesteps      | 135168      |
| train/                  |             |
|    approx_kl            | 0.002249997 |
|    clip_fraction        | 0.00977     |
|    clip_range           | 0.2         |
|    entropy_loss         | -0.238      |
|    explained_variance   | 0.993       |
|    learning_rate        | 0.0003      |
|    loss                 | 15.4        |
|    n_updates            | 3760        |
|    policy_gradient_loss | -0.00166    |
|    value_loss           | 42          |
-----------------------------------------
------------------------------------------
| time/                   |              |
|    fps                  | 139          |
|    iterations           | 34           |
|    time_elapsed         | 999          |
|    total_timesteps      | 139264       |
| train/                  |              |
|    approx_kl            | 0.0023125594 |
|    clip_fraction        | 0.0312       |
|    clip_range           | 0.2          |
|    entropy_loss         | -0.187       |
|    explained_variance   | 0.992        |
|    learning_rate        | 0.0003       |
|    loss                 | 13.3         |
|    n_updates            | 3770         |
|    policy_gradient_loss | -0.00445     |
|    value_loss           | 38.1         |
------------------------------------------
------------------------------------------
| time/                   |              |
|    fps                  | 139          |
|    iterations           | 35           |
|    time_elapsed         | 1030         |
|    total_timesteps      | 143360       |
| train/                  |              |
|    approx_kl            | 0.0021155872 |
|    clip_fraction        | 0.0218       |
|    clip_range           | 0.2          |
|    entropy_loss         | -0.228       |
|    explained_variance   | 0.994        |
|    learning_rate        | 0.0003       |
|    loss                 | 10.1         |
|    n_updates            | 3780         |
|    policy_gradient_loss | -0.00325     |
|    value_loss           | 26.4         |
------------------------------------------
------------------------------------------
| time/                   |              |
|    fps                  | 138          |
|    iterations           | 36           |
|    time_elapsed         | 1063         |
|    total_timesteps      | 147456       |
| train/                  |              |
|    approx_kl            | 0.0027635014 |
|    clip_fraction        | 0.0258       |
|    clip_range           | 0.2          |
|    entropy_loss         | -0.35        |
|    explained_variance   | 0.991        |
|    learning_rate        | 0.0003       |
|    loss                 | 13.1         |
|    n_updates            | 3790         |
|    policy_gradient_loss | -0.0026      |
|    value_loss           | 42.5         |
------------------------------------------
------------------------------------------
| time/                   |              |
|    fps                  | 137          |
|    iterations           | 37           |
|    time_elapsed         | 1101         |
|    total_timesteps      | 151552       |
| train/                  |              |
|    approx_kl            | 0.0050627384 |
|    clip_fraction        | 0.0219       |
|    clip_range           | 0.2          |
|    entropy_loss         | -0.353       |
|    explained_variance   | 0.986        |
|    learning_rate        | 0.0003       |
|    loss                 | 19.4         |
|    n_updates            | 3800         |
|    policy_gradient_loss | -0.00409     |
|    value_loss           | 59           |
------------------------------------------
-----------------------------------------
| time/                   |             |
|    fps                  | 137         |
|    iterations           | 38          |
|    time_elapsed         | 1135        |
|    total_timesteps      | 155648      |
| train/                  |             |
|    approx_kl            | 0.002775673 |
|    clip_fraction        | 0.026       |
|    clip_range           | 0.2         |
|    entropy_loss         | -0.366      |
|    explained_variance   | 0.988       |
|    learning_rate        | 0.0003      |
|    loss                 | 18.6        |
|    n_updates            | 3810        |
|    policy_gradient_loss | -0.00363    |
|    value_loss           | 53.8        |
-----------------------------------------
------------------------------------------
| time/                   |              |
|    fps                  | 136          |
|    iterations           | 39           |
|    time_elapsed         | 1168         |
|    total_timesteps      | 159744       |
| train/                  |              |
|    approx_kl            | 0.0034494274 |
|    clip_fraction        | 0.0272       |
|    clip_range           | 0.2          |
|    entropy_loss         | -0.317       |
|    explained_variance   | 0.991        |
|    learning_rate        | 0.0003       |
|    loss                 | 17           |
|    n_updates            | 3820         |
|    policy_gradient_loss | -0.00388     |
|    value_loss           | 48.1         |
------------------------------------------
------------------------------------------
| time/                   |              |
|    fps                  | 135          |
|    iterations           | 40           |
|    time_elapsed         | 1205         |
|    total_timesteps      | 163840       |
| train/                  |              |
|    approx_kl            | 0.0015552901 |
|    clip_fraction        | 0.0165       |
|    clip_range           | 0.2          |
|    entropy_loss         | -0.294       |
|    explained_variance   | 0.991        |
|    learning_rate        | 0.0003       |
|    loss                 | 22.5         |
|    n_updates            | 3830         |
|    policy_gradient_loss | -0.00189     |
|    value_loss           | 46           |
------------------------------------------
------------------------------------------
| time/                   |              |
|    fps                  | 135          |
|    iterations           | 41           |
|    time_elapsed         | 1241         |
|    total_timesteps      | 167936       |
| train/                  |              |
|    approx_kl            | 0.0014622791 |
|    clip_fraction        | 0.0116       |
|    clip_range           | 0.2          |
|    entropy_loss         | -0.26        |
|    explained_variance   | 0.989        |
|    learning_rate        | 0.0003       |
|    loss                 | 21.7         |
|    n_updates            | 3840         |
|    policy_gradient_loss | -0.00156     |
|    value_loss           | 50.7         |
------------------------------------------
-----------------------------------------
| time/                   |             |
|    fps                  | 135         |
|    iterations           | 42          |
|    time_elapsed         | 1273        |
|    total_timesteps      | 172032      |
| train/                  |             |
|    approx_kl            | 0.004565832 |
|    clip_fraction        | 0.0271      |
|    clip_range           | 0.2         |
|    entropy_loss         | -0.302      |
|    explained_variance   | 0.986       |
|    learning_rate        | 0.0003      |
|    loss                 | 9.21        |
|    n_updates            | 3850        |
|    policy_gradient_loss | -0.00346    |
|    value_loss           | 31.4        |
-----------------------------------------
------------------------------------------
| time/                   |              |
|    fps                  | 135          |
|    iterations           | 43           |
|    time_elapsed         | 1302         |
|    total_timesteps      | 176128       |
| train/                  |              |
|    approx_kl            | 0.0013379848 |
|    clip_fraction        | 0.0167       |
|    clip_range           | 0.2          |
|    entropy_loss         | -0.251       |
|    explained_variance   | 0.985        |
|    learning_rate        | 0.0003       |
|    loss                 | 38.2         |
|    n_updates            | 3860         |
|    policy_gradient_loss | -0.00213     |
|    value_loss           | 59.5         |
------------------------------------------
------------------------------------------
| time/                   |              |
|    fps                  | 135          |
|    iterations           | 44           |
|    time_elapsed         | 1327         |
|    total_timesteps      | 180224       |
| train/                  |              |
|    approx_kl            | 0.0030062683 |
|    clip_fraction        | 0.0299       |
|    clip_range           | 0.2          |
|    entropy_loss         | -0.257       |
|    explained_variance   | 0.986        |
|    learning_rate        | 0.0003       |
|    loss                 | 20.6         |
|    n_updates            | 3870         |
|    policy_gradient_loss | -0.00412     |
|    value_loss           | 32.8         |
------------------------------------------
------------------------------------------
| time/                   |              |
|    fps                  | 136          |
|    iterations           | 45           |
|    time_elapsed         | 1351         |
|    total_timesteps      | 184320       |
| train/                  |              |
|    approx_kl            | 0.0009039638 |
|    clip_fraction        | 0.0092       |
|    clip_range           | 0.2          |
|    entropy_loss         | -0.217       |
|    explained_variance   | 0.99         |
|    learning_rate        | 0.0003       |
|    loss                 | 22.6         |
|    n_updates            | 3880         |
|    policy_gradient_loss | -0.00147     |
|    value_loss           | 38.6         |
------------------------------------------
------------------------------------------
| time/                   |              |
|    fps                  | 136          |
|    iterations           | 46           |
|    time_elapsed         | 1379         |
|    total_timesteps      | 188416       |
| train/                  |              |
|    approx_kl            | 0.0011858583 |
|    clip_fraction        | 0.0147       |
|    clip_range           | 0.2          |
|    entropy_loss         | -0.172       |
|    explained_variance   | 0.992        |
|    learning_rate        | 0.0003       |
|    loss                 | 11           |
|    n_updates            | 3890         |
|    policy_gradient_loss | -0.00261     |
|    value_loss           | 36.2         |
------------------------------------------
------------------------------------------
| time/                   |              |
|    fps                  | 137          |
|    iterations           | 47           |
|    time_elapsed         | 1403         |
|    total_timesteps      | 192512       |
| train/                  |              |
|    approx_kl            | 0.0016346233 |
|    clip_fraction        | 0.0154       |
|    clip_range           | 0.2          |
|    entropy_loss         | -0.23        |
|    explained_variance   | 0.989        |
|    learning_rate        | 0.0003       |
|    loss                 | 26.9         |
|    n_updates            | 3900         |
|    policy_gradient_loss | -0.0016      |
|    value_loss           | 54.8         |
------------------------------------------
------------------------------------------
| time/                   |              |
|    fps                  | 137          |
|    iterations           | 48           |
|    time_elapsed         | 1427         |
|    total_timesteps      | 196608       |
| train/                  |              |
|    approx_kl            | 0.0015130978 |
|    clip_fraction        | 0.0149       |
|    clip_range           | 0.2          |
|    entropy_loss         | -0.184       |
|    explained_variance   | 0.993        |
|    learning_rate        | 0.0003       |
|    loss                 | 7.46         |
|    n_updates            | 3910         |
|    policy_gradient_loss | -0.00246     |
|    value_loss           | 24.5         |
------------------------------------------
------------------------------------------
| time/                   |              |
|    fps                  | 138          |
|    iterations           | 49           |
|    time_elapsed         | 1452         |
|    total_timesteps      | 200704       |
| train/                  |              |
|    approx_kl            | 0.0014717754 |
|    clip_fraction        | 0.0203       |
|    clip_range           | 0.2          |
|    entropy_loss         | -0.154       |
|    explained_variance   | 0.988        |
|    learning_rate        | 0.0003       |
|    loss                 | 21.1         |
|    n_updates            | 3920         |
|    policy_gradient_loss | -0.00223     |
|    value_loss           | 39.6         |
------------------------------------------
------------------------------------------
| time/                   |              |
|    fps                  | 138          |
|    iterations           | 50           |
|    time_elapsed         | 1475         |
|    total_timesteps      | 204800       |
| train/                  |              |
|    approx_kl            | 0.0018505356 |
|    clip_fraction        | 0.0168       |
|    clip_range           | 0.2          |
|    entropy_loss         | -0.177       |
|    explained_variance   | 0.989        |
|    learning_rate        | 0.0003       |
|    loss                 | 13.9         |
|    n_updates            | 3930         |
|    policy_gradient_loss | -0.00363     |
|    value_loss           | 38.4         |
------------------------------------------
------------------------------------------
| time/                   |              |
|    fps                  | 139          |
|    iterations           | 51           |
|    time_elapsed         | 1498         |
|    total_timesteps      | 208896       |
| train/                  |              |
|    approx_kl            | 0.0022222816 |
|    clip_fraction        | 0.0132       |
|    clip_range           | 0.2          |
|    entropy_loss         | -0.153       |
|    explained_variance   | 0.985        |
|    learning_rate        | 0.0003       |
|    loss                 | 19.8         |
|    n_updates            | 3940         |
|    policy_gradient_loss | -0.00168     |
|    value_loss           | 43           |
------------------------------------------
-----------------------------------------
| time/                   |             |
|    fps                  | 139         |
|    iterations           | 52          |
|    time_elapsed         | 1529        |
|    total_timesteps      | 212992      |
| train/                  |             |
|    approx_kl            | 0.002176465 |
|    clip_fraction        | 0.0187      |
|    clip_range           | 0.2         |
|    entropy_loss         | -0.182      |
|    explained_variance   | 0.988       |
|    learning_rate        | 0.0003      |
|    loss                 | 20.8        |
|    n_updates            | 3950        |
|    policy_gradient_loss | -0.00328    |
|    value_loss           | 38.8        |
-----------------------------------------
------------------------------------------
| time/                   |              |
|    fps                  | 138          |
|    iterations           | 53           |
|    time_elapsed         | 1566         |
|    total_timesteps      | 217088       |
| train/                  |              |
|    approx_kl            | 0.0014035077 |
|    clip_fraction        | 0.0155       |
|    clip_range           | 0.2          |
|    entropy_loss         | -0.251       |
|    explained_variance   | 0.987        |
|    learning_rate        | 0.0003       |
|    loss                 | 19.9         |
|    n_updates            | 3960         |
|    policy_gradient_loss | -0.0019      |
|    value_loss           | 59.7         |
------------------------------------------
------------------------------------------
| time/                   |              |
|    fps                  | 138          |
|    iterations           | 54           |
|    time_elapsed         | 1602         |
|    total_timesteps      | 221184       |
| train/                  |              |
|    approx_kl            | 0.0025183517 |
|    clip_fraction        | 0.0182       |
|    clip_range           | 0.2          |
|    entropy_loss         | -0.269       |
|    explained_variance   | 0.991        |
|    learning_rate        | 0.0003       |
|    loss                 | 20.3         |
|    n_updates            | 3970         |
|    policy_gradient_loss | -0.00327     |
|    value_loss           | 74           |
------------------------------------------
------------------------------------------
| time/                   |              |
|    fps                  | 137          |
|    iterations           | 55           |
|    time_elapsed         | 1635         |
|    total_timesteps      | 225280       |
| train/                  |              |
|    approx_kl            | 0.0015806541 |
|    clip_fraction        | 0.0107       |
|    clip_range           | 0.2          |
|    entropy_loss         | -0.266       |
|    explained_variance   | 0.978        |
|    learning_rate        | 0.0003       |
|    loss                 | 25.3         |
|    n_updates            | 3980         |
|    policy_gradient_loss | -0.00146     |
|    value_loss           | 297          |
------------------------------------------
------------------------------------------
| time/                   |              |
|    fps                  | 137          |
|    iterations           | 56           |
|    time_elapsed         | 1665         |
|    total_timesteps      | 229376       |
| train/                  |              |
|    approx_kl            | 0.0020539863 |
|    clip_fraction        | 0.0149       |
|    clip_range           | 0.2          |
|    entropy_loss         | -0.229       |
|    explained_variance   | 0.993        |
|    learning_rate        | 0.0003       |
|    loss                 | 31.9         |
|    n_updates            | 3990         |
|    policy_gradient_loss | -0.00252     |
|    value_loss           | 78.1         |
------------------------------------------
------------------------------------------
| time/                   |              |
|    fps                  | 137          |
|    iterations           | 57           |
|    time_elapsed         | 1696         |
|    total_timesteps      | 233472       |
| train/                  |              |
|    approx_kl            | 0.0010627535 |
|    clip_fraction        | 0.014        |
|    clip_range           | 0.2          |
|    entropy_loss         | -0.206       |
|    explained_variance   | 0.996        |
|    learning_rate        | 0.0003       |
|    loss                 | 23.7         |
|    n_updates            | 4000         |
|    policy_gradient_loss | -0.00273     |
|    value_loss           | 50.5         |
------------------------------------------
------------------------------------------
| time/                   |              |
|    fps                  | 137          |
|    iterations           | 58           |
|    time_elapsed         | 1733         |
|    total_timesteps      | 237568       |
| train/                  |              |
|    approx_kl            | 0.0029384997 |
|    clip_fraction        | 0.0202       |
|    clip_range           | 0.2          |
|    entropy_loss         | -0.21        |
|    explained_variance   | 0.99         |
|    learning_rate        | 0.0003       |
|    loss                 | 12.8         |
|    n_updates            | 4010         |
|    policy_gradient_loss | -0.00168     |
|    value_loss           | 51.9         |
------------------------------------------
------------------------------------------
| time/                   |              |
|    fps                  | 136          |
|    iterations           | 59           |
|    time_elapsed         | 1766         |
|    total_timesteps      | 241664       |
| train/                  |              |
|    approx_kl            | 0.0024243938 |
|    clip_fraction        | 0.0215       |
|    clip_range           | 0.2          |
|    entropy_loss         | -0.241       |
|    explained_variance   | 0.98         |
|    learning_rate        | 0.0003       |
|    loss                 | 20           |
|    n_updates            | 4020         |
|    policy_gradient_loss | -0.0022      |
|    value_loss           | 77.6         |
------------------------------------------
------------------------------------------
| time/                   |              |
|    fps                  | 137          |
|    iterations           | 60           |
|    time_elapsed         | 1793         |
|    total_timesteps      | 245760       |
| train/                  |              |
|    approx_kl            | 0.0012074504 |
|    clip_fraction        | 0.00854      |
|    clip_range           | 0.2          |
|    entropy_loss         | -0.173       |
|    explained_variance   | 0.99         |
|    learning_rate        | 0.0003       |
|    loss                 | 16.1         |
|    n_updates            | 4030         |
|    policy_gradient_loss | -0.00235     |
|    value_loss           | 59.3         |
------------------------------------------
------------------------------------------
| time/                   |              |
|    fps                  | 137          |
|    iterations           | 61           |
|    time_elapsed         | 1821         |
|    total_timesteps      | 249856       |
| train/                  |              |
|    approx_kl            | 0.0013711184 |
|    clip_fraction        | 0.00859      |
|    clip_range           | 0.2          |
|    entropy_loss         | -0.142       |
|    explained_variance   | 0.986        |
|    learning_rate        | 0.0003       |
|    loss                 | 28.5         |
|    n_updates            | 4040         |
|    policy_gradient_loss | -0.00222     |
|    value_loss           | 61.6         |
------------------------------------------
-------------------------------------------
| time/                   |               |
|    fps                  | 137           |
|    iterations           | 62            |
|    time_elapsed         | 1846          |
|    total_timesteps      | 253952        |
| train/                  |               |
|    approx_kl            | 0.00080316747 |
|    clip_fraction        | 0.0114        |
|    clip_range           | 0.2           |
|    entropy_loss         | -0.128        |
|    explained_variance   | 0.989         |
|    learning_rate        | 0.0003        |
|    loss                 | 26.4          |
|    n_updates            | 4050          |
|    policy_gradient_loss | -0.00198      |
|    value_loss           | 62.1          |
-------------------------------------------
------------------------------------------
| time/                   |              |
|    fps                  | 137          |
|    iterations           | 63           |
|    time_elapsed         | 1874         |
|    total_timesteps      | 258048       |
| train/                  |              |
|    approx_kl            | 0.0034661093 |
|    clip_fraction        | 0.0159       |
|    clip_range           | 0.2          |
|    entropy_loss         | -0.144       |
|    explained_variance   | 0.988        |
|    learning_rate        | 0.0003       |
|    loss                 | 10           |
|    n_updates            | 4060         |
|    policy_gradient_loss | -0.00285     |
|    value_loss           | 30.1         |
------------------------------------------
------------------------------------------
| time/                   |              |
|    fps                  | 137          |
|    iterations           | 64           |
|    time_elapsed         | 1900         |
|    total_timesteps      | 262144       |
| train/                  |              |
|    approx_kl            | 0.0019861585 |
|    clip_fraction        | 0.0144       |
|    clip_range           | 0.2          |
|    entropy_loss         | -0.207       |
|    explained_variance   | 0.97         |
|    learning_rate        | 0.0003       |
|    loss                 | 26.2         |
|    n_updates            | 4070         |
|    policy_gradient_loss | -0.00379     |
|    value_loss           | 69           |
------------------------------------------
-------------------------------------------
| time/                   |               |
|    fps                  | 138           |
|    iterations           | 65            |
|    time_elapsed         | 1924          |
|    total_timesteps      | 266240        |
| train/                  |               |
|    approx_kl            | 0.00061015127 |
|    clip_fraction        | 0.00425       |
|    clip_range           | 0.2           |
|    entropy_loss         | -0.152        |
|    explained_variance   | 0.98          |
|    learning_rate        | 0.0003        |
|    loss                 | 19.8          |
|    n_updates            | 4080          |
|    policy_gradient_loss | -0.00138      |
|    value_loss           | 66.1          |
-------------------------------------------
------------------------------------------
| time/                   |              |
|    fps                  | 138          |
|    iterations           | 66           |
|    time_elapsed         | 1949         |
|    total_timesteps      | 270336       |
| train/                  |              |
|    approx_kl            | 0.0023597586 |
|    clip_fraction        | 0.0183       |
|    clip_range           | 0.2          |
|    entropy_loss         | -0.189       |
|    explained_variance   | 0.991        |
|    learning_rate        | 0.0003       |
|    loss                 | 17.5         |
|    n_updates            | 4090         |
|    policy_gradient_loss | -0.00207     |
|    value_loss           | 37.5         |
------------------------------------------
------------------------------------------
| time/                   |              |
|    fps                  | 139          |
|    iterations           | 67           |
|    time_elapsed         | 1972         |
|    total_timesteps      | 274432       |
| train/                  |              |
|    approx_kl            | 0.0013978161 |
|    clip_fraction        | 0.0132       |
|    clip_range           | 0.2          |
|    entropy_loss         | -0.166       |
|    explained_variance   | 0.99         |
|    learning_rate        | 0.0003       |
|    loss                 | 15.7         |
|    n_updates            | 4100         |
|    policy_gradient_loss | -0.00159     |
|    value_loss           | 62.4         |
------------------------------------------
------------------------------------------
| time/                   |              |
|    fps                  | 139          |
|    iterations           | 68           |
|    time_elapsed         | 1994         |
|    total_timesteps      | 278528       |
| train/                  |              |
|    approx_kl            | 0.0014876297 |
|    clip_fraction        | 0.0136       |
|    clip_range           | 0.2          |
|    entropy_loss         | -0.17        |
|    explained_variance   | 0.994        |
|    learning_rate        | 0.0003       |
|    loss                 | 8.1          |
|    n_updates            | 4110         |
|    policy_gradient_loss | -0.00165     |
|    value_loss           | 23.8         |
------------------------------------------
------------------------------------------
| time/                   |              |
|    fps                  | 139          |
|    iterations           | 69           |
|    time_elapsed         | 2020         |
|    total_timesteps      | 282624       |
| train/                  |              |
|    approx_kl            | 0.0014405984 |
|    clip_fraction        | 0.0175       |
|    clip_range           | 0.2          |
|    entropy_loss         | -0.131       |
|    explained_variance   | 0.994        |
|    learning_rate        | 0.0003       |
|    loss                 | 12.5         |
|    n_updates            | 4120         |
|    policy_gradient_loss | -0.0031      |
|    value_loss           | 32.3         |
------------------------------------------
-----------------------------------------
| time/                   |             |
|    fps                  | 139         |
|    iterations           | 70          |
|    time_elapsed         | 2049        |
|    total_timesteps      | 286720      |
| train/                  |             |
|    approx_kl            | 0.002165013 |
|    clip_fraction        | 0.0177      |
|    clip_range           | 0.2         |
|    entropy_loss         | -0.191      |
|    explained_variance   | 0.992       |
|    learning_rate        | 0.0003      |
|    loss                 | 24          |
|    n_updates            | 4130        |
|    policy_gradient_loss | -0.0025     |
|    value_loss           | 58.6        |
-----------------------------------------
------------------------------------------
| time/                   |              |
|    fps                  | 139          |
|    iterations           | 71           |
|    time_elapsed         | 2078         |
|    total_timesteps      | 290816       |
| train/                  |              |
|    approx_kl            | 0.0019193488 |
|    clip_fraction        | 0.0204       |
|    clip_range           | 0.2          |
|    entropy_loss         | -0.236       |
|    explained_variance   | 0.993        |
|    learning_rate        | 0.0003       |
|    loss                 | 12.4         |
|    n_updates            | 4140         |
|    policy_gradient_loss | -0.00332     |
|    value_loss           | 33.4         |
------------------------------------------
-----------------------------------------
| time/                   |             |
|    fps                  | 139         |
|    iterations           | 72          |
|    time_elapsed         | 2110        |
|    total_timesteps      | 294912      |
| train/                  |             |
|    approx_kl            | 0.002028876 |
|    clip_fraction        | 0.0156      |
|    clip_range           | 0.2         |
|    entropy_loss         | -0.188      |
|    explained_variance   | 0.991       |
|    learning_rate        | 0.0003      |
|    loss                 | 17.2        |
|    n_updates            | 4150        |
|    policy_gradient_loss | -0.00185    |
|    value_loss           | 46.8        |
-----------------------------------------
------------------------------------------
| time/                   |              |
|    fps                  | 139          |
|    iterations           | 73           |
|    time_elapsed         | 2140         |
|    total_timesteps      | 299008       |
| train/                  |              |
|    approx_kl            | 0.0023316315 |
|    clip_fraction        | 0.0209       |
|    clip_range           | 0.2          |
|    entropy_loss         | -0.224       |
|    explained_variance   | 0.989        |
|    learning_rate        | 0.0003       |
|    loss                 | 20.4         |
|    n_updates            | 4160         |
|    policy_gradient_loss | -0.00251     |
|    value_loss           | 46.3         |
------------------------------------------
-------------------------------------------
| time/                   |               |
|    fps                  | 139           |
|    iterations           | 74            |
|    time_elapsed         | 2170          |
|    total_timesteps      | 303104        |
| train/                  |               |
|    approx_kl            | 0.00095790613 |
|    clip_fraction        | 0.00798       |
|    clip_range           | 0.2           |
|    entropy_loss         | -0.158        |
|    explained_variance   | 0.99          |
|    learning_rate        | 0.0003        |
|    loss                 | 12.7          |
|    n_updates            | 4170          |
|    policy_gradient_loss | -0.00168      |
|    value_loss           | 46            |
-------------------------------------------
------------------------------------------
| time/                   |              |
|    fps                  | 139          |
|    iterations           | 75           |
|    time_elapsed         | 2198         |
|    total_timesteps      | 307200       |
| train/                  |              |
|    approx_kl            | 0.0025913836 |
|    clip_fraction        | 0.0219       |
|    clip_range           | 0.2          |
|    entropy_loss         | -0.179       |
|    explained_variance   | 0.983        |
|    learning_rate        | 0.0003       |
|    loss                 | 20.9         |
|    n_updates            | 4180         |
|    policy_gradient_loss | -0.00348     |
|    value_loss           | 47.8         |
------------------------------------------
------------------------------------------
| time/                   |              |
|    fps                  | 139          |
|    iterations           | 76           |
|    time_elapsed         | 2230         |
|    total_timesteps      | 311296       |
| train/                  |              |
|    approx_kl            | 0.0013508997 |
|    clip_fraction        | 0.0187       |
|    clip_range           | 0.2          |
|    entropy_loss         | -0.184       |
|    explained_variance   | 0.985        |
|    learning_rate        | 0.0003       |
|    loss                 | 14.5         |
|    n_updates            | 4190         |
|    policy_gradient_loss | -0.00417     |
|    value_loss           | 42.3         |
------------------------------------------
------------------------------------------
| time/                   |              |
|    fps                  | 139          |
|    iterations           | 77           |
|    time_elapsed         | 2264         |
|    total_timesteps      | 315392       |
| train/                  |              |
|    approx_kl            | 0.0008391565 |
|    clip_fraction        | 0.00618      |
|    clip_range           | 0.2          |
|    entropy_loss         | -0.153       |
|    explained_variance   | 0.984        |
|    learning_rate        | 0.0003       |
|    loss                 | 17           |
|    n_updates            | 4200         |
|    policy_gradient_loss | -0.00187     |
|    value_loss           | 65.9         |
------------------------------------------
------------------------------------------
| time/                   |              |
|    fps                  | 138          |
|    iterations           | 78           |
|    time_elapsed         | 2300         |
|    total_timesteps      | 319488       |
| train/                  |              |
|    approx_kl            | 0.0008065398 |
|    clip_fraction        | 0.00513      |
|    clip_range           | 0.2          |
|    entropy_loss         | -0.154       |
|    explained_variance   | 0.985        |
|    learning_rate        | 0.0003       |
|    loss                 | 24.9         |
|    n_updates            | 4210         |
|    policy_gradient_loss | -0.00123     |
|    value_loss           | 62.2         |
------------------------------------------
------------------------------------------
| time/                   |              |
|    fps                  | 138          |
|    iterations           | 79           |
|    time_elapsed         | 2335         |
|    total_timesteps      | 323584       |
| train/                  |              |
|    approx_kl            | 0.0012484629 |
|    clip_fraction        | 0.0119       |
|    clip_range           | 0.2          |
|    entropy_loss         | -0.211       |
|    explained_variance   | 0.983        |
|    learning_rate        | 0.0003       |
|    loss                 | 24.4         |
|    n_updates            | 4220         |
|    policy_gradient_loss | -0.00238     |
|    value_loss           | 78.9         |
------------------------------------------
------------------------------------------
| time/                   |              |
|    fps                  | 138          |
|    iterations           | 80           |
|    time_elapsed         | 2367         |
|    total_timesteps      | 327680       |
| train/                  |              |
|    approx_kl            | 0.0011069662 |
|    clip_fraction        | 0.0129       |
|    clip_range           | 0.2          |
|    entropy_loss         | -0.159       |
|    explained_variance   | 0.984        |
|    learning_rate        | 0.0003       |
|    loss                 | 20.1         |
|    n_updates            | 4230         |
|    policy_gradient_loss | -0.002       |
|    value_loss           | 59.3         |
------------------------------------------
------------------------------------------
| time/                   |              |
|    fps                  | 138          |
|    iterations           | 81           |
|    time_elapsed         | 2397         |
|    total_timesteps      | 331776       |
| train/                  |              |
|    approx_kl            | 0.0013507698 |
|    clip_fraction        | 0.00928      |
|    clip_range           | 0.2          |
|    entropy_loss         | -0.158       |
|    explained_variance   | 0.986        |
|    learning_rate        | 0.0003       |
|    loss                 | 14.9         |
|    n_updates            | 4240         |
|    policy_gradient_loss | -0.00194     |
|    value_loss           | 46.4         |
------------------------------------------
------------------------------------------
| time/                   |              |
|    fps                  | 138          |
|    iterations           | 82           |
|    time_elapsed         | 2427         |
|    total_timesteps      | 335872       |
| train/                  |              |
|    approx_kl            | 0.0023614324 |
|    clip_fraction        | 0.0133       |
|    clip_range           | 0.2          |
|    entropy_loss         | -0.153       |
|    explained_variance   | 0.988        |
|    learning_rate        | 0.0003       |
|    loss                 | 29.4         |
|    n_updates            | 4250         |
|    policy_gradient_loss | -0.00245     |
|    value_loss           | 50.1         |
------------------------------------------
------------------------------------------
| time/                   |              |
|    fps                  | 138          |
|    iterations           | 83           |
|    time_elapsed         | 2452         |
|    total_timesteps      | 339968       |
| train/                  |              |
|    approx_kl            | 0.0012040043 |
|    clip_fraction        | 0.0147       |
|    clip_range           | 0.2          |
|    entropy_loss         | -0.144       |
|    explained_variance   | 0.987        |
|    learning_rate        | 0.0003       |
|    loss                 | 20.8         |
|    n_updates            | 4260         |
|    policy_gradient_loss | -0.00184     |
|    value_loss           | 51.2         |
------------------------------------------
------------------------------------------
| time/                   |              |
|    fps                  | 139          |
|    iterations           | 84           |
|    time_elapsed         | 2475         |
|    total_timesteps      | 344064       |
| train/                  |              |
|    approx_kl            | 0.0011625218 |
|    clip_fraction        | 0.00864      |
|    clip_range           | 0.2          |
|    entropy_loss         | -0.0977      |
|    explained_variance   | 0.984        |
|    learning_rate        | 0.0003       |
|    loss                 | 17.9         |
|    n_updates            | 4270         |
|    policy_gradient_loss | -0.00167     |
|    value_loss           | 48.8         |
------------------------------------------
-------------------------------------------
| time/                   |               |
|    fps                  | 139           |
|    iterations           | 85            |
|    time_elapsed         | 2496          |
|    total_timesteps      | 348160        |
| train/                  |               |
|    approx_kl            | 0.00041335233 |
|    clip_fraction        | 0.00291       |
|    clip_range           | 0.2           |
|    entropy_loss         | -0.0728       |
|    explained_variance   | 0.977         |
|    learning_rate        | 0.0003        |
|    loss                 | 17.3          |
|    n_updates            | 4280          |
|    policy_gradient_loss | -0.000784     |
|    value_loss           | 52.4          |
-------------------------------------------
-------------------------------------------
| time/                   |               |
|    fps                  | 139           |
|    iterations           | 86            |
|    time_elapsed         | 2521          |
|    total_timesteps      | 352256        |
| train/                  |               |
|    approx_kl            | 0.00041112193 |
|    clip_fraction        | 0.00413       |
|    clip_range           | 0.2           |
|    entropy_loss         | -0.0883       |
|    explained_variance   | 0.982         |
|    learning_rate        | 0.0003        |
|    loss                 | 19.2          |
|    n_updates            | 4290          |
|    policy_gradient_loss | -0.00118      |
|    value_loss           | 47.8          |
-------------------------------------------
------------------------------------------
| time/                   |              |
|    fps                  | 139          |
|    iterations           | 87           |
|    time_elapsed         | 2546         |
|    total_timesteps      | 356352       |
| train/                  |              |
|    approx_kl            | 0.0010389434 |
|    clip_fraction        | 0.0109       |
|    clip_range           | 0.2          |
|    entropy_loss         | -0.131       |
|    explained_variance   | 0.988        |
|    learning_rate        | 0.0003       |
|    loss                 | 21.6         |
|    n_updates            | 4300         |
|    policy_gradient_loss | -0.0022      |
|    value_loss           | 60.8         |
------------------------------------------
-----------------------------------------
| time/                   |             |
|    fps                  | 140         |
|    iterations           | 88          |
|    time_elapsed         | 2572        |
|    total_timesteps      | 360448      |
| train/                  |             |
|    approx_kl            | 0.001871381 |
|    clip_fraction        | 0.0132      |
|    clip_range           | 0.2         |
|    entropy_loss         | -0.109      |
|    explained_variance   | 0.989       |
|    learning_rate        | 0.0003      |
|    loss                 | 28.1        |
|    n_updates            | 4310        |
|    policy_gradient_loss | -0.00248    |
|    value_loss           | 94.1        |
-----------------------------------------
-----------------------------------------
| time/                   |             |
|    fps                  | 140         |
|    iterations           | 89          |
|    time_elapsed         | 2598        |
|    total_timesteps      | 364544      |
| train/                  |             |
|    approx_kl            | 0.002033112 |
|    clip_fraction        | 0.00947     |
|    clip_range           | 0.2         |
|    entropy_loss         | -0.113      |
|    explained_variance   | 0.99        |
|    learning_rate        | 0.0003      |
|    loss                 | 24.7        |
|    n_updates            | 4320        |
|    policy_gradient_loss | -0.00248    |
|    value_loss           | 77.4        |
-----------------------------------------
------------------------------------------
| time/                   |              |
|    fps                  | 140          |
|    iterations           | 90           |
|    time_elapsed         | 2623         |
|    total_timesteps      | 368640       |
| train/                  |              |
|    approx_kl            | 0.0008622133 |
|    clip_fraction        | 0.0054       |
|    clip_range           | 0.2          |
|    entropy_loss         | -0.101       |
|    explained_variance   | 0.992        |
|    learning_rate        | 0.0003       |
|    loss                 | 19           |
|    n_updates            | 4330         |
|    policy_gradient_loss | -0.00116     |
|    value_loss           | 69.7         |
------------------------------------------
-------------------------------------------
| time/                   |               |
|    fps                  | 140           |
|    iterations           | 91            |
|    time_elapsed         | 2652          |
|    total_timesteps      | 372736        |
| train/                  |               |
|    approx_kl            | 0.00072713057 |
|    clip_fraction        | 0.00505       |
|    clip_range           | 0.2           |
|    entropy_loss         | -0.0985       |
|    explained_variance   | 0.996         |
|    learning_rate        | 0.0003        |
|    loss                 | 19.3          |
|    n_updates            | 4340          |
|    policy_gradient_loss | -0.00166      |
|    value_loss           | 53.2          |
-------------------------------------------
-------------------------------------------
| time/                   |               |
|    fps                  | 140           |
|    iterations           | 92            |
|    time_elapsed         | 2680          |
|    total_timesteps      | 376832        |
| train/                  |               |
|    approx_kl            | 0.00079124665 |
|    clip_fraction        | 0.0075        |
|    clip_range           | 0.2           |
|    entropy_loss         | -0.125        |
|    explained_variance   | 0.997         |
|    learning_rate        | 0.0003        |
|    loss                 | 27.4          |
|    n_updates            | 4350          |
|    policy_gradient_loss | -0.00168      |
|    value_loss           | 50.1          |
-------------------------------------------
------------------------------------------
| time/                   |              |
|    fps                  | 140          |
|    iterations           | 93           |
|    time_elapsed         | 2714         |
|    total_timesteps      | 380928       |
| train/                  |              |
|    approx_kl            | 0.0012645023 |
|    clip_fraction        | 0.0114       |
|    clip_range           | 0.2          |
|    entropy_loss         | -0.113       |
|    explained_variance   | 0.997        |
|    learning_rate        | 0.0003       |
|    loss                 | 13.1         |
|    n_updates            | 4360         |
|    policy_gradient_loss | -0.00198     |
|    value_loss           | 39.2         |
------------------------------------------
------------------------------------------
| time/                   |              |
|    fps                  | 140          |
|    iterations           | 94           |
|    time_elapsed         | 2749         |
|    total_timesteps      | 385024       |
| train/                  |              |
|    approx_kl            | 0.0012777196 |
|    clip_fraction        | 0.00891      |
|    clip_range           | 0.2          |
|    entropy_loss         | -0.187       |
|    explained_variance   | 0.973        |
|    learning_rate        | 0.0003       |
|    loss                 | 143          |
|    n_updates            | 4370         |
|    policy_gradient_loss | -0.00153     |
|    value_loss           | 376          |
------------------------------------------
------------------------------------------
| time/                   |              |
|    fps                  | 139          |
|    iterations           | 95           |
|    time_elapsed         | 2784         |
|    total_timesteps      | 389120       |
| train/                  |              |
|    approx_kl            | 0.0037084979 |
|    clip_fraction        | 0.0119       |
|    clip_range           | 0.2          |
|    entropy_loss         | -0.176       |
|    explained_variance   | 0.987        |
|    learning_rate        | 0.0003       |
|    loss                 | 33           |
|    n_updates            | 4380         |
|    policy_gradient_loss | -0.00186     |
|    value_loss           | 92           |
------------------------------------------
------------------------------------------
| time/                   |              |
|    fps                  | 139          |
|    iterations           | 96           |
|    time_elapsed         | 2818         |
|    total_timesteps      | 393216       |
| train/                  |              |
|    approx_kl            | 0.0017032862 |
|    clip_fraction        | 0.0104       |
|    clip_range           | 0.2          |
|    entropy_loss         | -0.202       |
|    explained_variance   | 0.952        |
|    learning_rate        | 0.0003       |
|    loss                 | 34.9         |
|    n_updates            | 4390         |
|    policy_gradient_loss | -0.00155     |
|    value_loss           | 102          |
------------------------------------------
------------------------------------------
| time/                   |              |
|    fps                  | 139          |
|    iterations           | 97           |
|    time_elapsed         | 2851         |
|    total_timesteps      | 397312       |
| train/                  |              |
|    approx_kl            | 0.0014753083 |
|    clip_fraction        | 0.00833      |
|    clip_range           | 0.2          |
|    entropy_loss         | -0.15        |
|    explained_variance   | 0.976        |
|    learning_rate        | 0.0003       |
|    loss                 | 33.7         |
|    n_updates            | 4400         |
|    policy_gradient_loss | -0.0021      |
|    value_loss           | 83.3         |
------------------------------------------
-------------------------------------------
| time/                   |               |
|    fps                  | 139           |
|    iterations           | 98            |
|    time_elapsed         | 2880          |
|    total_timesteps      | 401408        |
| train/                  |               |
|    approx_kl            | 0.00086924783 |
|    clip_fraction        | 0.00583       |
|    clip_range           | 0.2           |
|    entropy_loss         | -0.131        |
|    explained_variance   | 0.976         |
|    learning_rate        | 0.0003        |
|    loss                 | 36.5          |
|    n_updates            | 4410          |
|    policy_gradient_loss | -0.00147      |
|    value_loss           | 105           |
-------------------------------------------
saved -> /home/abhinav/Dock/backend/runs/ppo_c5/model.zip
eval scenarios: ['depressed-demand', 'volatile-shocks']  (train pool untouched: ['adversarial-canal-closure', 'adversarial-perfect-storm', 'baseline', 'boom-market', 'high-imbalance', 'port-strike-season', 'seasonal-peak', 'steady-growth'])
loaded runs/ppo_c5/model.zip
  depressed-demand: 5 episodes done (652s)
  volatile-shocks: 5 episodes done (1447s)

=== depressed-demand ===
policy              profit_usd revenue_per_teu     utilization    empty_teu_nm
ppo                  8,344,086         1,046.7           0.500               0
static              -5,195,935         1,394.7           0.200               0
greedy               6,505,814         1,016.0           0.550               0
heuristic            8,994,132         1,028.2           0.530       7,469,850
heuristic_bid        8,511,215         1,083.5           0.500       8,409,750
  ppo vs static: profit +834408520.0%
  ppo vs heuristic: profit -7.2%

=== volatile-shocks ===
policy              profit_usd revenue_per_teu     utilization    empty_teu_nm
ppo                 25,916,755         1,483.2           0.630               0
static              17,043,309         1,261.6           0.640               0
greedy              21,969,747         1,380.3           0.670               0
heuristic           23,221,913         1,409.9           0.640       6,228,900
heuristic_bid       24,693,451         1,514.9           0.610       7,352,400
  ppo vs static: profit +52.1%
  ppo vs heuristic: profit +11.6%

wrote runs/ppo_c5/eval_results.json  (1447s total)
CURRICULUM DONE -> runs/ppo_c5/model.zip
